Condition,Independent_Variable,Dependent.variable,Participant ID
placebo,33.1565513,59.37338493,827
placebo,53.10408092,25.44262961,850
placebo,70.30926549,30.02230935,276
placebo,69.09607383,82.4447991,779
placebo,37.06942272,48.13088261,756
placebo,69.81960841,34.37310326,615
placebo,55.58078936,96.86864536,426
placebo,71.42611271,34.36673252,4
placebo,68.98405602,85.66526045,102
placebo,64.18377236,29.35977552,559
placebo,27.21436343,84.09960783,616
placebo,70.86783299,78.85408724,428
placebo,76.56742008,17.23034045,997
placebo,63.87900111,83.7708532,647
placebo,67.49211031,29.0643188,379
placebo,72.13305109,16.65984907,595
placebo,38.85180644,80.30679847,348
placebo,69.28958337,18.12473716,792
placebo,76.74148397,23.26931801,93
placebo,79.2762126,73.1742989,508
placebo,66.38725676,24.59964841,632
placebo,51.35971404,15.78744641,926
placebo,36.24085925,25.17522025,442
placebo,41.87716699,85.15463197,20
placebo,54.30112648,8.093376192,128
placebo,43.26177973,19.42695493,423
placebo,58.172259,24.46314123,669
placebo,40.868035,24.59389144,640
placebo,80.39735202,25.92441282,107
placebo,64.88577237,86.47170017,356
placebo,78.72158116,75.37548533,534
placebo,64.05161008,9.544796921,817
placebo,76.80202495,75.51792789,432
placebo,29.58157735,59.85252335,244
placebo,81.95503785,73.75805686,77
placebo,73.80422709,55.78609724,325
placebo,64.17610993,73.92786953,611
placebo,28.9027991,6.724433378,730
placebo,73.3724244,69.51528179,878
placebo,78.34277454,59.31199762,396
placebo,70.88845208,23.03367948,483
placebo,78.93356357,21.25410094,371
placebo,69.82712008,17.51051957,891
placebo,74.42989462,48.09596295,850
placebo,58.91196102,73.74680565,598
placebo,54.09594133,10.53699752,439
placebo,77.53805733,68.55823927,979
placebo,64.92450743,-3.790920431,282
placebo,72.50059589,43.36387281,965
placebo,75.27424484,6.057675571,386
placebo,71.88413775,80.06712831,566
placebo,40.85891978,68.50184107,666
placebo,45.07196764,75.72097085,794
placebo,34.22781563,65.38335621,899
placebo,73.03183135,79.77819912,919
placebo,75.1548489,19.80270923,555
placebo,44.87997148,90.11948658,765
placebo,49.64559012,78.48442817,815
placebo,40.68170711,19.46473837,166
placebo,62.07316572,15.02479374,205
placebo,69.64837209,21.48732624,909
placebo,34.99772725,42.47565179,981
placebo,30.85400519,72.01630743,832
placebo,31.21603526,44.16452664,323
placebo,84.95924475,50.52450196,825
placebo,68.32545299,40.44192984,633
placebo,81.82814923,97.90184604,379
placebo,50.228282,30.25008316,989
placebo,63.99944336,28.68835406,888
placebo,71.05425245,33.58388555,480
placebo,68.25626602,34.70718496,19
placebo,76.81971651,43.37520648,181
placebo,29.25733661,93.70279407,13
placebo,29.45361407,51.33879417,539
placebo,81.69298224,89.3426754,920
placebo,39.12696694,93.86131207,105
placebo,67.02011943,75.63252741,968
placebo,80.03501367,37.16915461,586
placebo,37.38900146,66.09027471,976
placebo,44.78588295,46.97240861,97
placebo,62.36058966,39.49851319,275
placebo,42.22960238,42.09054753,908
placebo,35.51725465,92.14044932,177
placebo,42.99329744,25.69153747,861
placebo,41.38878327,46.11894189,454
placebo,44.15685669,37.80238238,138
placebo,38.39309333,84.59750062,273
placebo,94.10425159,77.32506504,283
placebo,49.40638953,91.33868887,568
placebo,44.55946821,21.35821503,91
placebo,46.84673056,69.00157081,122
placebo,51.098157,25.71775368,424
placebo,35.93863663,50.60331802,912
placebo,35.64754491,71.14475559,295
placebo,33.77642167,61.81424243,15
placebo,70.59040384,65.36897632,135
placebo,47.9602849,64.65519467,365
placebo,37.94224212,62.83635432,140
placebo,72.92627658,16.6540244,235
placebo,79.08113115,70.34252815,494
placebo,46.90623342,80.08352242,921
placebo,58.22416365,62.34671442,287
placebo,68.98433484,2.746035226,964
placebo,52.82834091,77.10948698,3
placebo,36.8164743,-2.279125784,497
placebo,38.23370151,3.356128751,535
placebo,40.73796615,47.70959144,360
placebo,33.80642024,45.14320924,173
placebo,43.91354323,59.97592577,27
placebo,87.49074602,12.01702052,119
placebo,47.65031231,73.88340529,735
placebo,41.67297303,60.57972971,136
placebo,45.40023637,83.29641426,602
placebo,67.00503988,66.92340992,837
placebo,47.45221996,61.73984785,307
placebo,43.03048243,65.2000485,291
placebo,28.96897593,45.92667086,629
placebo,24.24342672,43.17799941,224
placebo,86.84323532,2.021111385,393
placebo,41.29286492,63.65086308,238
placebo,61.15806825,75.41299574,476
placebo,33.68026344,0.805054774,618
placebo,80.05381164,33.44301928,521
placebo,26.46486684,29.93399435,676
placebo,68.4388336,16.43214157,174
placebo,73.7167481,39.50070692,880
placebo,38.08412855,1.366819431,696
placebo,54.34824678,65.6380006,72
placebo,34.40734122,16.42649052,275
placebo,78.61422295,48.66256919,174
placebo,66.07749109,65.46841073,45
placebo,38.70888868,33.1196053,639
placebo,46.79022304,32.45037598,824
placebo,60.32880189,65.95372084,383
placebo,47.35644693,55.69252342,588
placebo,58.39467887,70.78011776,344
placebo,55.99273159,64.94476224,784
placebo,52.21999218,77.1824172,176
placebo,50.71520273,68.75486526,891
placebo,48.44966743,34.27738841,325
placebo,44.41899265,49.21502285,722
placebo,69.49890671,35.64085848,941
proteins,57.27637483,99.214358,70
proteins,50.40843276,88.31374052,668
proteins,52.73738056,94.74736864,735
proteins,48.12878716,99.25826441,645
proteins,41.12355414,98.8553833,715
proteins,27.68096764,92.87722407,145
proteins,42.71187698,73.37992247,523
proteins,34.29443955,72.10051981,739
proteins,31.49037037,69.10672847,765
proteins,24.85844166,63.95338482,998
proteins,37.28566871,75.47465916,365
proteins,30.29097777,69.65246451,613
proteins,24.11126098,45.72892468,296
proteins,23.32571333,58.10249141,338
proteins,30.38619296,53.64138531,932
proteins,18.33422482,54.09538285,37
proteins,31.45287269,50.70163369,763
proteins,27.56778884,56.71329829,543
proteins,45.87452001,50.8140815,811
proteins,45.25638439,47.62986962,585
proteins,48.6766914,57.15089028,121
proteins,51.01406656,49.106958,170
proteins,48.11693112,56.11621589,883
proteins,66.57041288,51.39452037,960
proteins,74.92422767,52.31392005,125
proteins,73.37006471,65.35554228,11
proteins,61.26916434,74.25577542,150
proteins,58.21744925,62.82355142,331
proteins,64.53210162,61.28133077,225
proteins,49.50730152,52.36692963,422
proteins,41.90802312,48.00345793,936
proteins,47.12183416,30.56470651,236
proteins,47.74357782,54.64263829,82
proteins,41.81790762,47.76301712,88
proteins,53.57005932,29.19659537,345
proteins,54.70453301,34.61341342,859
proteins,42.52502669,27.40533566,149
proteins,42.51462649,34.46196798,372
proteins,33.31246819,31.44370151,301
proteins,42.12051676,28.44133139,110
proteins,31.47167434,55.69341048,972
proteins,37.71887677,50.32865124,615
proteins,54.19339416,48.78570365,809
proteins,28.05805658,36.53286709,597
proteins,31.70540171,29.78859984,507
proteins,29.75256678,24.90070021,946
proteins,43.06535521,31.35019107,302
proteins,38.82556487,35.54287127,989
proteins,44.00910215,31.5493577,928
proteins,53.75497581,33.85072919,571
proteins,58.67365425,27.45243682,831
proteins,49.95257825,33.42565504,456
proteins,57.76775054,25.67489307,934
proteins,64.49856768,27.08264179,722
proteins,56.84253252,50.55951085,213
proteins,62.39886216,53.72664628,707
proteins,74.31562274,44.80407448,901
proteins,70.54474198,49.55485496,885
proteins,55.99244306,53.53174243,933
proteins,71.3753404,54.87285329,570
proteins,75.68764483,52.0874771,665
proteins,67.03441528,72.86136447,623
proteins,77.71342308,73.86966137,734
proteins,61.04592716,69.20710349,8
proteins,53.00269346,95.92267947,675
proteins,49.73157948,91.14231632,730
proteins,41.04546476,97.85487059,560
proteins,59.35338933,92.96109587,460
proteins,51.57836164,83.93281911,519
proteins,62.39369743,88.99595405,941
proteins,61.94495072,87.45867345,911
proteins,57.16375361,95.17595432,940
proteins,59.12773896,69.40880089,167
proteins,57.53575926,68.78906615,918
proteins,40.95115593,71.37799242,440
proteins,32.95460567,53.19130005,763
proteins,36.99930394,61.10957809,200
proteins,31.95043959,72.35768696,869
proteins,54.5144364,87.77220398,114
proteins,63.6992468,86.44811149,739
proteins,70.58144154,89.92788245,98
proteins,69.9665306,87.02025363,315
proteins,75.82168666,96.712586,790
proteins,75.99288054,84.81476948,861
proteins,60.94226706,81.65040412,219
proteins,64.76782826,71.31422666,766
proteins,82.00228043,66.20595466,923
proteins,81.93591168,74.37543897,83
proteins,76.67635466,70.54077469,592
proteins,78.95805063,75.74606219,13
proteins,69.54222166,50.98028598,497
proteins,88.3506441,50.03152656,125
proteins,85.51167052,55.53658918,809
proteins,79.44748813,58.15151829,704
proteins,97.58475991,54.05774823,472
proteins,105.1660169,39.55153643,111
proteins,101.5312355,29.11760456,383
proteins,102.5883043,27.39380306,524
proteins,51.83387601,56.74504721,698
proteins,65.57628724,32.46478624,421
proteins,71.22112558,32.41027892,342
proteins,66.45044466,40.78547021,504
proteins,69.58992815,26.67063373,838
proteins,72.94709318,34.24661244,433
proteins,79.80016797,28.60929109,736
proteins,71.5454053,29.68626296,326
proteins,60.24333726,25.62333523,102
proteins,69.61878575,27.53245577,996
proteins,61.07479849,20.68210936,956
proteins,55.68189378,13.73490734,300
proteins,57.79498373,14.02094922,301
proteins,55.76655619,12.35634932,643
proteins,57.78745972,11.66834369,171
proteins,59.77114179,13.39233144,3
proteins,56.24659285,9.111254172,130
proteins,47.356653,9.558013756,153
proteins,49.89467994,8.671767386,563
proteins,46.76108422,4.982693535,190
proteins,55.8441383,11.03362185,280
proteins,53.8179752,4.941571239,824
proteins,54.67651044,21.35680067,588
proteins,64.03378481,17.28244819,780
proteins,49.63670731,10.55955197,402
proteins,40.24059194,16.01948386,897
proteins,52.69487457,10.39085577,737
proteins,63.0408084,25.30933399,388
proteins,48.61718163,5.643939598,986
proteins,60.72567345,11.62087217,247
proteins,74.57042949,19.41401088,208
proteins,55.27537411,15.50886294,792
proteins,72.39317617,18.54871477,822
proteins,78.65534195,8.511508853,291
proteins,78.28466595,10.36884968,457
proteins,70.94407438,14.89867992,396
proteins,64.15448771,12.62928092,638
proteins,69.84079251,13.30598653,441
proteins,39.50968557,28.71691324,395
proteins,43.1677405,35.98750511,915
proteins,87.02200612,47.30727409,682
proteins,56.9776895,91.92829018,562
proteins,52.12591161,93.60067349,788
proteins,45.89241001,89.19973568,300
magnesium,62.2832697,89.20894891,841
magnesium,59.9751945,99.21988858,12
magnesium,51.00889765,101.2108041,311
magnesium,50.67403465,93.74530709,527
magnesium,57.66635609,91.77546899,690
magnesium,27.39837997,84.80258132,11
magnesium,32.78760135,79.92781774,888
magnesium,28.25836038,80.72957695,898
magnesium,39.65532598,71.24514999,537
magnesium,34.18249107,69.2887864,769
magnesium,32.64484842,74.82189976,409
magnesium,38.18456609,63.99415966,473
magnesium,43.37259167,67.04981095,458
magnesium,31.0305915,59.63418601,88
magnesium,32.87974155,50.33688285,888
magnesium,38.08293583,53.08404959,681
magnesium,40.41605704,55.83492386,994
magnesium,29.14042446,50.91918936,520
magnesium,48.97075698,50.2780542,428
magnesium,50.29630371,54.95195599,419
magnesium,50.36417719,56.1845281,503
magnesium,42.31956601,57.88399227,990
magnesium,55.5973693,58.50629474,406
magnesium,60.55441269,54.54835994,478
magnesium,78.63396466,57.90041989,762
magnesium,70.61237059,78.22726658,703
magnesium,64.48779634,70.20964502,704
magnesium,68.3465003,62.88082948,837
magnesium,49.4109931,51.14954008,408
magnesium,57.67874492,57.09604186,377
magnesium,62.08000198,38.69475054,841
magnesium,52.56881812,47.44249839,156
magnesium,55.98018096,57.59772942,991
magnesium,42.75380908,55.81620008,942
magnesium,51.07798574,39.11943618,55
magnesium,61.74557186,37.05553755,878
magnesium,27.65430927,39.22735189,660
magnesium,28.74239722,38.29117972,62
magnesium,31.0767118,32.45484885,872
magnesium,32.81180631,33.92830202,938
magnesium,27.10280304,45.54820025,211
magnesium,37.6775669,35.0756507,915
magnesium,28.61114064,42.05309333,583
magnesium,31.15492308,41.59372857,445
magnesium,26.73432205,28.26157524,637
magnesium,29.42063584,39.84635853,467
magnesium,26.92125803,29.94360887,937
magnesium,25.8230307,17.37978239,404
magnesium,48.50519798,11.97396592,980
magnesium,53.44233342,29.59051935,43
magnesium,38.06898149,34.5157653,923
magnesium,55.5227097,32.69875447,912
magnesium,60.52537853,25.00376242,925
magnesium,47.42460031,33.88632444,960
magnesium,50.68772566,38.47643936,466
magnesium,50.41583667,55.36035797,619
magnesium,47.72590461,49.00369559,315
magnesium,75.53915253,54.4743037,9
magnesium,71.11122032,43.80472188,825
magnesium,74.50363323,58.91018277,191
magnesium,68.09003486,62.5618921,997
magnesium,73.85145109,63.4278928,833
magnesium,68.35775083,54.26623548,713
magnesium,80.18444081,73.92746298,466
magnesium,57.61735241,85.40358723,996
magnesium,54.25181005,80.39071534,111
magnesium,47.12083944,86.52762618,51
magnesium,45.32806424,96.02474778,923
magnesium,48.73003432,97.50854609,897
magnesium,49.26422689,82.81956472,368
magnesium,54.41737439,90.68555788,613
magnesium,51.30014281,76.4835632,143
magnesium,55.93545276,72.40845643,114
magnesium,48.24810311,83.14270991,578
magnesium,51.33014232,75.27871874,507
magnesium,34.62754147,57.94723417,172
magnesium,27.37038654,65.56913657,668
magnesium,38.90199509,68.28181282,474
magnesium,51.58051447,98.80348525,212
magnesium,73.46466925,91.21547384,639
magnesium,69.32311389,93.94938137,465
magnesium,68.81237844,93.71935283,886
magnesium,73.50827924,89.68130096,37
magnesium,76.78173494,84.70909302,910
magnesium,66.39948084,83.05069857,651
magnesium,79.76376301,90.63240055,714
magnesium,70.26933397,75.48891224,515
magnesium,74.14609974,74.47334002,341
magnesium,78.3007706,66.66093432,819
magnesium,96.76671435,63.77689507,798
magnesium,89.29655767,50.8413905,995
magnesium,92.31136546,47.02954404,716
magnesium,93.28289732,46.14779142,637
magnesium,91.73640379,55.03534914,167
magnesium,92.41155443,45.559656,553
magnesium,90.47384697,35.89176266,727
magnesium,88.1533301,55.99674089,286
magnesium,90.94290142,43.06195456,103
magnesium,59.79615368,36.73964757,732
magnesium,58.97543441,46.58334833,820
magnesium,71.14301431,34.32559114,398
magnesium,72.0916152,25.26825569,828
magnesium,77.01263106,26.47352194,403
magnesium,71.55443862,13.24220664,888
magnesium,80.66029371,27.51582917,911
magnesium,80.70850442,27.73993381,307
magnesium,73.2922127,24.47744118,305
magnesium,69.46194448,20.06732783,752
magnesium,79.22094564,12.61820715,398
magnesium,67.87853861,17.92290457,965
magnesium,44.17814034,18.25434805,417
magnesium,46.86120348,19.40972952,801
magnesium,49.62142359,15.1388913,816
magnesium,52.20005917,28.77473971,437
magnesium,57.35572638,20.96234883,712
magnesium,58.38260141,7.249261029,108
magnesium,48.43751312,23.94711276,67
magnesium,55.94265929,14.254231,993
magnesium,50.81968465,2.313601964,343
magnesium,57.53517492,10.55595823,557
magnesium,43.81085065,20.99375255,962
magnesium,41.78277659,0.132077008,195
magnesium,55.02001261,4.840550963,19
magnesium,50.73003619,17.40455006,522
magnesium,52.55897152,9.396767201,498
magnesium,49.23543168,14.89541109,330
magnesium,53.92269953,17.74809257,121
magnesium,66.78203426,13.83682417,859
magnesium,68.81007595,13.63829802,403
magnesium,61.11297896,19.35951197,507
magnesium,78.7283928,9.883514308,72
magnesium,72.37782129,8.212474528,288
magnesium,75.23308796,5.294259618,636
magnesium,69.70161406,15.47233003,131
magnesium,71.03620986,6.974161862,214
magnesium,70.44743165,4.905788396,505
magnesium,38.38352765,31.28713816,222
magnesium,35.14492487,17.47926891,925
magnesium,99.17301461,30.13940939,112
magnesium,54.36129936,100.8695776,637
magnesium,51.83256316,106.6109515,64
magnesium,48.57353549,95.29069193,720
creatine,40.95310199,90.55908926,999
creatine,33.12466285,88.4569099,390
creatine,41.43082941,87.80970076,437
creatine,35.2340785,87.84862424,345
creatine,34.04490127,85.58899769,62
creatine,41.9585664,84.79201614,64
creatine,37.40635568,80.98926268,117
creatine,42.75092342,90.76110805,625
creatine,37.79196061,86.25177818,754
creatine,40.03295248,85.46774399,965
creatine,44.705964,77.68097559,74
creatine,31.88403621,80.63181092,477
creatine,46.06967886,71.39074321,130
creatine,44.97497845,77.48502868,254
creatine,44.27522228,74.51091738,882
creatine,39.80395666,66.45412201,977
creatine,51.13609037,63.42882061,997
creatine,50.18954231,72.31354345,151
creatine,48.63867879,63.6535598,941
creatine,53.37489151,59.8088278,330
creatine,47.50262722,59.37908344,833
creatine,54.54488379,63.77739213,205
creatine,57.96401136,61.57433113,341
creatine,66.92390798,62.87562035,699
creatine,53.01853725,55.24635945,946
creatine,72.21121978,62.77417115,256
creatine,74.45019967,61.80138501,412
creatine,70.34039858,71.85428495,560
creatine,67.85956841,53.14156156,631
creatine,61.36116336,35.82198576,117
creatine,57.34387156,38.78436417,876
creatine,52.28113784,26.62343427,458
creatine,47.58131638,41.93529187,730
creatine,48.52038829,37.26729106,915
creatine,48.09138879,34.03603573,672
creatine,48.61532368,25.62197903,21
creatine,54.14744368,27.28191006,128
creatine,48.08274723,32.87653784,951
creatine,36.36723801,23.54412971,186
creatine,43.86166129,22.38595137,707
creatine,43.23961368,24.03023153,57
creatine,53.22510727,43.62696331,606
creatine,47.00519482,27.4618195,859
creatine,35.95205879,14.32159007,763
creatine,44.26303024,16.39086147,891
creatine,41.82876485,27.11349033,433
creatine,38.22268937,22.84591908,925
creatine,40.59857049,23.7768546,305
creatine,41.18471645,25.19277007,134
creatine,48.3728803,28.08805804,638
creatine,42.85066148,34.66793885,928
creatine,46.19610521,23.76138131,275
creatine,44.79977645,34.26424966,929
creatine,49.41397527,42.09876985,48
creatine,52.31284803,39.74482164,212
creatine,61.26423786,34.68378075,716
creatine,76.0472175,38.36387018,570
creatine,59.32365127,35.41415952,222
creatine,69.0450379,46.44610626,595
creatine,62.01486581,43.45605169,174
creatine,63.49241307,50.94054248,974
creatine,76.84007283,72.02680273,133
creatine,77.88767122,69.96894953,752
creatine,73.01942029,71.83430195,74
creatine,46.89068332,73.08672343,452
creatine,40.60456371,81.62505184,602
creatine,48.23129816,69.81828941,491
creatine,42.96136803,82.93051295,256
creatine,37.5865904,80.41086992,894
creatine,41.35995749,84.2086685,183
creatine,45.44303133,76.4433564,749
creatine,39.70665768,84.31983632,372
creatine,45.79546902,77.48439462,884
creatine,45.71030812,69.19726067,827
creatine,46.99993179,69.47667113,221
creatine,34.42445739,67.53023052,846
creatine,53.45040201,70.77157352,159
creatine,45.5309932,72.9704868,582
creatine,41.85280678,94.01893048,959
creatine,74.66530432,95.65138664,627
creatine,87.06927002,99.63704795,783
creatine,92.17349373,98.27685664,158
creatine,81.39151547,87.6552192,635
creatine,94.72680816,83.00371012,94
creatine,78.19731598,75.78713123,699
creatine,82.02277089,80.7489068,946
creatine,86.13747512,78.44962671,785
creatine,81.79464848,72.84260122,246
creatine,78.55759184,72.63826418,791
creatine,68.80648979,68.00026418,708
creatine,71.77950763,66.84008091,605
creatine,75.12911202,75.8923897,737
creatine,73.177671,34.60855999,722
creatine,71.21506367,35.44444073,796
creatine,71.04663964,30.0038964,49
creatine,81.58365643,22.02583026,218
creatine,83.88986372,26.09142214,928
creatine,78.58508336,23.95314643,641
creatine,65.21597481,43.57910529,13
creatine,66.55753714,44.22203964,877
creatine,69.96601018,39.65124625,240
creatine,63.61037058,44.59638491,126
creatine,78.59519005,32.5669468,185
creatine,81.21467517,31.07215586,513
creatine,75.82665918,26.33862892,787
creatine,69.09289192,26.73179511,925
creatine,79.07631935,28.81866184,572
creatine,74.97036216,24.25747656,406
creatine,76.95829431,12.34089969,313
creatine,75.17938383,36.54448342,426
creatine,54.14509874,17.52268184,451
creatine,45.47352477,31.43319425,483
creatine,47.94966517,15.21142829,465
creatine,36.03206348,21.91078727,284
creatine,37.08385264,12.40779952,294
creatine,32.15511375,17.55143959,141
creatine,42.17612979,22.00646669,520
creatine,41.63200428,10.32896792,78
creatine,53.03498599,26.08647927,201
creatine,40.43139199,12.63368861,369
creatine,39.91580769,18.52491055,600
creatine,36.44510084,13.41465288,998
creatine,36.26993477,20.92397542,104
creatine,41.77876986,-1.948855259,806
creatine,44.50068643,20.21637966,682
creatine,52.68506211,23.20269404,445
creatine,38.14856922,15.80854258,977
creatine,77.75112665,22.73977752,918
creatine,83.53502046,21.74216961,270
creatine,75.19491454,16.78261383,141
creatine,86.67960859,21.51546288,928
creatine,89.03752152,16.59918577,590
creatine,83.16777277,8.469198318,537
creatine,84.0644021,18.44728654,975
creatine,83.76168604,6.344018841,798
creatine,81.06048885,10.12646137,158
creatine,39.0506664,23.87183432,246
creatine,33.14410205,16.36930589,64
creatine,80.93439446,20.31146993,710
creatine,28.64994103,93.67306194,13
creatine,29.46376186,93.00090123,556
creatine,23.6694762,85.95471524,586
paracetamol,56.49307391,87.27257296,132
paracetamol,57.94329435,89.2010709,617
paracetamol,67.78636479,88.64596844,180
paracetamol,51.37638823,93.67440722,825
paracetamol,62.68088754,93.0695595,338
paracetamol,65.95290979,77.94145885,451
paracetamol,29.87680141,67.47263239,233
paracetamol,34.66716452,54.38444215,981
paracetamol,26.06432741,66.41672357,241
paracetamol,38.98457778,65.55417329,328
paracetamol,35.52659287,71.53537074,20
paracetamol,32.96587717,69.13842918,528
paracetamol,34.10977457,56.47246587,166
paracetamol,31.43747705,62.39839195,346
paracetamol,30.13548361,62.17839666,618
paracetamol,31.84749078,63.607693,797
paracetamol,25.64335938,68.84447651,547
paracetamol,35.7796757,56.34514138,762
paracetamol,31.36073879,57.87832538,608
paracetamol,30.57338411,52.58515261,185
paracetamol,20.87649753,64.92702248,589
paracetamol,49.542891,66.96659476,104
paracetamol,45.40767211,73.80114749,489
paracetamol,39.50984811,67.96354784,790
paracetamol,71.66074061,64.78993593,355
paracetamol,64.99905115,72.67028047,693
paracetamol,65.41390682,57.71656714,961
paracetamol,69.63832902,78.71666141,164
paracetamol,27.280351,58.83982329,953
paracetamol,46.71355291,51.70837274,159
paracetamol,40.82043082,51.07521457,84
paracetamol,48.45980917,36.95693682,701
paracetamol,48.03856598,35.60377518,985
paracetamol,44.08404344,35.03531216,58
paracetamol,48.45507524,33.45016883,481
paracetamol,45.86378718,28.39621967,55
paracetamol,51.81644772,35.79719162,359
paracetamol,43.50091423,25.71144505,181
paracetamol,51.45253696,29.59134523,697
paracetamol,49.76493011,35.62480263,841
paracetamol,37.50580967,48.87644008,728
paracetamol,22.97898703,57.62427549,509
paracetamol,34.3645272,62.11799481,647
paracetamol,45.13341624,35.64214594,613
paracetamol,44.69513878,35.98780248,750
paracetamol,37.36207852,18.13986974,69
paracetamol,46.23807243,11.12812788,928
paracetamol,38.69177382,16.52369309,674
paracetamol,41.39170041,10.33378509,416
paracetamol,42.35501925,18.56207788,358
paracetamol,39.99780921,30.15520073,123
paracetamol,44.35287253,19.45146609,757
paracetamol,54.51467354,33.48505276,988
paracetamol,53.25579608,29.6234966,30
paracetamol,64.95436638,33.33942421,117
paracetamol,65.20478829,37.62544593,760
paracetamol,69.84201623,25.24127568,698
paracetamol,74.25983415,40.31735747,243
paracetamol,70.23187094,41.42769926,380
paracetamol,72.87919012,46.89312828,254
paracetamol,68.02181667,47.81178328,767
paracetamol,81.07309629,65.42450776,33
paracetamol,62.33874632,68.1491355,476
paracetamol,64.95279948,69.67873451,723
paracetamol,64.85633027,82.47431531,512
paracetamol,58.65198271,85.2378022,497
paracetamol,59.99897491,99.20943338,722
paracetamol,57.20123257,90.90978214,491
paracetamol,56.87820591,96.38181958,244
paracetamol,62.33923697,96.48001942,286
paracetamol,62.15132416,85.53646954,944
paracetamol,58.05435486,85.13642449,849
paracetamol,55.23487082,80.49235522,738
paracetamol,54.37338402,79.50370247,386
paracetamol,56.67585187,75.18902421,453
paracetamol,30.99661391,63.64164575,542
paracetamol,32.26432462,55.36290276,572
paracetamol,28.36061108,62.31080241,37
paracetamol,57.02397827,97.00796348,866
paracetamol,63.57555419,91.93864485,714
paracetamol,58.42578391,92.59669955,170
paracetamol,66.75652759,88.41822189,23
paracetamol,53.80674516,98.43872584,675
paracetamol,62.87812937,102.2423822,688
paracetamol,65.81195671,85.97094294,211
paracetamol,60.76375991,77.51313816,331
paracetamol,75.77706867,58.17807555,988
paracetamol,84.20449544,63.57811192,575
paracetamol,72.69176999,58.94215761,114
paracetamol,81.80003695,60.88014587,633
paracetamol,81.61989966,54.44330113,707
paracetamol,86.33876151,64.47911542,562
paracetamol,77.84119338,55.60271223,992
paracetamol,81.13540457,65.06423517,387
paracetamol,84.27926875,50.17562343,659
paracetamol,81.4710733,44.00944904,218
paracetamol,74.08426302,20.5056485,88
paracetamol,85.88385928,13.15755055,252
paracetamol,61.65031428,32.63776283,165
paracetamol,61.76403557,27.57422833,263
paracetamol,63.48112487,23.67941479,683
paracetamol,75.4624617,16.83148976,322
paracetamol,66.26782807,24.40159788,368
paracetamol,77.81311068,5.539198992,71
paracetamol,83.95123844,18.22285776,458
paracetamol,76.86645678,20.08382677,172
paracetamol,77.12938785,21.94252479,794
paracetamol,81.25415678,16.33833317,959
paracetamol,84.54899537,14.43498531,170
paracetamol,78.38371099,24.84169801,633
paracetamol,81.1500745,15.33920236,374
paracetamol,50.42021132,20.25563615,71
paracetamol,47.56898061,28.92958406,267
paracetamol,43.0562361,23.54949946,55
paracetamol,56.47848346,27.02894766,767
paracetamol,46.67773555,19.77514865,886
paracetamol,36.96052163,18.7657448,345
paracetamol,34.46102808,10.51189814,923
paracetamol,39.23946546,21.06032941,845
paracetamol,41.28770223,18.19539856,624
paracetamol,57.23986939,31.3118856,883
paracetamol,48.02118958,19.74930906,427
paracetamol,45.88002304,15.71911495,739
paracetamol,44.41674232,16.72913813,629
paracetamol,52.16285539,21.29424091,244
paracetamol,41.42680763,13.67870848,925
paracetamol,45.68995375,23.15824296,141
paracetamol,77.01915849,8.623610201,819
paracetamol,76.29098218,25.66387705,783
paracetamol,85.07940519,15.04862999,601
paracetamol,76.52614268,10.25700561,168
paracetamol,78.48187697,14.01843867,540
paracetamol,83.29926393,17.27622901,242
paracetamol,69.89682909,16.38566651,1000
paracetamol,86.11281038,19.61514474,894
paracetamol,85.1856073,15.55586692,62
paracetamol,42.00940605,25.36724891,284
paracetamol,44.53998818,19.46554479,381
paracetamol,82.95102981,47.00604774,965
paracetamol,54.04841537,87.79943866,792
paracetamol,60.16198599,93.20354041,286
paracetamol,62.73315753,91.9338666,680
high_proteins,57.93862379,86.93377493,945
high_proteins,59.75632228,82.50601003,898
high_proteins,49.21114238,73.07852228,713
high_proteins,39.21178998,83.6223964,408
high_proteins,47.73926339,82.61191636,768
high_proteins,42.88131225,88.61822788,634
high_proteins,41.07053105,97.8640191,934
high_proteins,35.02341679,89.26069137,894
high_proteins,28.81388881,78.4054724,930
high_proteins,23.15033119,74.80032674,887
high_proteins,24.37104602,79.42924892,82
high_proteins,32.63035647,73.22260368,50
high_proteins,18.24442737,69.70509863,330
high_proteins,27.37613609,68.58964284,20
high_proteins,24.77561881,63.40285919,992
high_proteins,36.46894048,62.98137974,140
high_proteins,33.43711604,63.14488336,985
high_proteins,41.69435829,77.89946055,468
high_proteins,42.07790279,77.21304535,77
high_proteins,52.92609237,67.33576573,486
high_proteins,40.11139187,71.19798748,274
high_proteins,56.8911063,77.80027672,156
high_proteins,64.43176203,64.12853717,982
high_proteins,56.36797755,72.60097594,796
high_proteins,57.16806914,83.94989863,876
high_proteins,68.75123093,70.78037166,242
high_proteins,63.28019587,77.90821191,687
high_proteins,74.04231153,82.80835733,559
high_proteins,59.14247464,69.87129471,346
high_proteins,60.6903412,34.06418677,954
high_proteins,55.44549565,32.99930136,405
high_proteins,55.83523885,28.62873772,920
high_proteins,56.45779121,37.42135909,130
high_proteins,48.94303648,30.15849297,354
high_proteins,56.1847905,27.55942548,163
high_proteins,37.75876216,33.58995335,681
high_proteins,46.55646313,21.31458859,470
high_proteins,35.34202203,26.98532034,338
high_proteins,41.67885082,24.79967082,332
high_proteins,25.55837952,36.48428147,99
high_proteins,38.25625247,33.53994477,833
high_proteins,50.33922118,34.46371264,309
high_proteins,47.92007761,30.00499395,170
high_proteins,36.66187602,33.55489346,899
high_proteins,33.3547592,28.51081249,559
high_proteins,37.97011999,13.35051518,463
high_proteins,33.40711288,35.50651263,219
high_proteins,34.94243427,17.68937849,156
high_proteins,44.01542801,25.44359551,553
high_proteins,44.44781642,17.29569814,195
high_proteins,52.03491021,26.25946134,911
high_proteins,51.5818392,31.1568643,995
high_proteins,51.67151099,18.72928513,843
high_proteins,55.06120354,28.72540049,679
high_proteins,62.40331236,29.23547061,467
high_proteins,57.42880085,33.21745169,468
high_proteins,64.18095283,34.78064426,767
high_proteins,64.37449808,29.76354001,8
high_proteins,72.92085749,27.85653252,754
high_proteins,63.53618033,36.13415244,32
high_proteins,80.61901488,68.17905753,527
high_proteins,81.54145229,79.29484812,126
high_proteins,75.93182957,78.30583023,446
high_proteins,75.96010646,83.18628207,935
high_proteins,54.10982126,91.33859747,541
high_proteins,48.51369873,79.35831784,34
high_proteins,47.91146519,85.64052165,295
high_proteins,54.57808082,87.92698044,227
high_proteins,60.05475742,81.92082888,244
high_proteins,67.63295658,93.52762698,820
high_proteins,58.69848269,72.76834952,540
high_proteins,51.82799062,81.5477524,959
high_proteins,56.66017226,80.23394981,471
high_proteins,51.44109141,79.82702075,106
high_proteins,47.5855373,85.96452938,890
high_proteins,26.99148697,66.05353845,326
high_proteins,26.10554514,72.7906275,545
high_proteins,38.00364144,68.47334225,284
high_proteins,73.00091209,84.08439983,139
high_proteins,64.96500258,100.1235807,95
high_proteins,68.5587732,89.10182915,120
high_proteins,79.86773597,83.86131618,130
high_proteins,75.21893914,73.49310223,127
high_proteins,79.25606683,86.44453705,722
high_proteins,66.48915161,79.8933379,178
high_proteins,80.32187732,82.52365749,621
high_proteins,77.3393757,85.71369471,535
high_proteins,85.90121381,72.86917768,756
high_proteins,87.689112,75.43151761,489
high_proteins,79.13441952,70.43022441,857
high_proteins,79.79882003,69.54870931,270
high_proteins,83.95899097,77.63964868,163
high_proteins,93.1137716,35.95709387,979
high_proteins,101.026355,39.36175227,295
high_proteins,96.42116183,32.47566807,760
high_proteins,98.16114256,39.56254183,942
high_proteins,97.16145758,24.0380445,461
high_proteins,101.486155,23.7300203,432
high_proteins,60.29562973,24.86103931,751
high_proteins,63.59141976,28.56857541,55
high_proteins,64.52134043,29.26318657,585
high_proteins,67.57602136,28.22020735,726
high_proteins,57.88107985,24.75752083,730
high_proteins,58.60405306,10.27252944,461
high_proteins,72.60457543,29.4044112,133
high_proteins,69.34272666,21.72856809,126
high_proteins,69.30283977,21.07856293,159
high_proteins,56.13355325,18.9913257,703
high_proteins,55.87535522,27.84289777,841
high_proteins,58.40571846,13.9319319,257
high_proteins,55.46205702,16.77494808,29
high_proteins,56.06851658,22.60911334,21
high_proteins,63.73695446,24.39369071,364
high_proteins,51.03778799,21.142063,691
high_proteins,47.80756064,24.87018612,941
high_proteins,34.18894318,15.49964036,528
high_proteins,50.38174549,23.56886939,339
high_proteins,52.43270721,21.16898905,256
high_proteins,55.54323459,29.55808111,566
high_proteins,55.08752154,22.9643468,951
high_proteins,47.64496589,14.5745153,825
high_proteins,49.5319608,13.26827087,508
high_proteins,35.15237687,30.26591339,757
high_proteins,55.66045067,20.23523935,749
high_proteins,63.76973942,18.58448441,406
high_proteins,57.68119365,19.8357741,978
high_proteins,56.1063366,19.0564404,793
high_proteins,70.69210242,18.94625215,126
high_proteins,64.67164872,28.75744939,970
high_proteins,75.19277095,22.00378365,474
high_proteins,73.84857091,17.68064605,361
high_proteins,75.09247948,23.30601944,819
high_proteins,90.11587201,19.2300612,778
high_proteins,63.79834629,12.50817966,976
high_proteins,68.59057017,24.42313808,71
high_proteins,69.52515058,26.00514091,330
high_proteins,39.08266602,25.0810177,687
high_proteins,37.95158031,30.82982862,252
high_proteins,89.67048811,32.58654077,980
high_proteins,54.38201418,84.47089809,14
high_proteins,53.01260975,86.77775359,927
high_proteins,40.73870053,89.11923379,771
energy_drink,54.11493048,91.57523064,798
energy_drink,45.72124838,92.6513495,506
energy_drink,56.20723874,87.82355806,947
energy_drink,49.79797051,81.85564889,519
energy_drink,52.87796551,86.71535075,380
energy_drink,52.08268397,87.38930288,963
energy_drink,22.76620212,84.50969314,359
energy_drink,27.30001304,84.99658044,323
energy_drink,21.90298478,81.15882329,949
energy_drink,29.5580274,82.45898869,242
energy_drink,26.34451061,85.89113276,15
energy_drink,26.86275259,47.7826016,316
energy_drink,28.87526061,47.52143933,744
energy_drink,33.52639261,51.81915116,356
energy_drink,31.41145646,50.75061749,460
energy_drink,22.13918975,49.98537585,879
energy_drink,29.67391868,62.33865181,459
energy_drink,25.1903445,48.98271144,694
energy_drink,54.68003579,56.57697545,937
energy_drink,60.15115551,54.41090312,621
energy_drink,51.87448738,48.69398849,600
energy_drink,53.45455763,46.96987225,984
energy_drink,54.68903709,52.06780648,204
energy_drink,50.71387091,48.10771834,560
energy_drink,53.0945784,51.73227653,145
energy_drink,55.75266376,52.4561048,315
energy_drink,51.64037582,79.9823985,636
energy_drink,56.82402748,87.46929081,983
energy_drink,52.33995124,55.19994961,925
energy_drink,58.68316233,47.54808386,214
energy_drink,53.04748362,47.15418905,905
energy_drink,46.78515411,49.17538993,619
energy_drink,54.12475229,47.90252152,1000
energy_drink,56.18600834,49.12642409,214
energy_drink,56.02637431,57.06869541,499
energy_drink,56.40153439,15.76195473,114
energy_drink,56.18396868,21.94090194,807
energy_drink,20.85208143,22.16708459,850
energy_drink,28.55506641,14.9900592,558
energy_drink,33.09812236,47.83130547,842
energy_drink,31.25195855,52.34535795,601
energy_drink,30.64314482,55.87782706,503
energy_drink,57.49171373,56.88128006,478
energy_drink,28.30421671,48.62824345,210
energy_drink,26.28129802,15.05871771,487
energy_drink,24.78052804,13.77268061,744
energy_drink,27.74814776,20.20704955,911
energy_drink,21.96295837,24.55043702,33
energy_drink,49.38996956,15.66600064,876
energy_drink,54.48618091,15.83450338,875
energy_drink,45.37444633,12.15501666,46
energy_drink,53.41960134,16.57654036,166
energy_drink,51.2737373,15.8835034,537
energy_drink,63.12182144,54.9373013,541
energy_drink,46.10756682,51.74439714,636
energy_drink,54.39079927,47.12359396,665
energy_drink,55.84423559,47.64140955,249
energy_drink,77.48939624,55.74202713,770
energy_drink,78.40610437,64.68492942,335
energy_drink,79.83955365,59.06314616,180
energy_drink,75.1346235,52.67181705,827
energy_drink,79.4407322,42.64087428,284
energy_drink,86.23219085,58.49322613,261
energy_drink,75.20538547,87.42346694,381
energy_drink,55.97569789,81.19610184,993
energy_drink,48.95769216,78.67239209,158
energy_drink,42.73310028,76.25281906,425
energy_drink,56.83019488,85.95697886,132
energy_drink,56.57180245,85.92969339,16
energy_drink,49.26152588,81.49139448,485
energy_drink,48.9720909,86.09888462,478
energy_drink,55.19400379,86.5122865,293
energy_drink,55.55458277,84.5907147,214
energy_drink,51.8785896,83.99804146,204
energy_drink,61.41577412,82.83668513,393
energy_drink,32.25911331,51.83870845,480
energy_drink,29.88689224,51.82151485,245
energy_drink,24.3572126,58.3656004,384
energy_drink,50.69362111,93.62511936,103
energy_drink,51.13916943,95.36623901,601
energy_drink,80.05825528,89.51765209,507
energy_drink,76.09810757,81.7190272,321
energy_drink,78.40033703,79.79524698,316
energy_drink,81.64761438,84.98369122,522
energy_drink,77.31381556,78.07780541,867
energy_drink,72.37305355,82.61560744,434
energy_drink,71.54644412,88.34820044,938
energy_drink,71.91378787,84.98242023,929
energy_drink,72.88812985,84.23406046,424
energy_drink,78.7940135,60.02188096,496
energy_drink,70.46366393,53.31520777,994
energy_drink,84.39842044,53.67032068,350
energy_drink,70.56086264,52.56771716,290
energy_drink,85.25107521,46.85208843,333
energy_drink,86.68156615,58.64030484,149
energy_drink,77.77263828,54.24712156,33
energy_drink,89.00977993,52.66784441,111
energy_drink,82.24530576,17.00261754,334
energy_drink,59.54846154,50.45787104,925
energy_drink,55.2490933,50.12968998,660
energy_drink,52.65663484,19.84539613,288
energy_drink,78.79475905,22.90436957,815
energy_drink,76.38172479,18.09046711,486
energy_drink,86.95558984,15.08548691,696
energy_drink,82.21626342,19.92641738,953
energy_drink,78.56076411,9.266330993,147
energy_drink,78.76305824,19.51101611,589
energy_drink,66.55899915,23.87105028,859
energy_drink,81.73950042,20.3834601,826
energy_drink,56.86091865,22.12170827,485
energy_drink,53.63172913,17.69629776,846
energy_drink,58.09165402,13.53706461,593
energy_drink,55.56461563,14.43369204,739
energy_drink,63.42190328,17.91076369,341
energy_drink,58.41489352,20.25172021,605
energy_drink,55.03154486,16.94786812,379
energy_drink,59.84642769,20.12204348,410
energy_drink,44.42087041,14.59726254,436
energy_drink,54.73983792,19.30047414,921
energy_drink,51.7766834,23.08013313,753
energy_drink,53.44461212,10.78865631,46
energy_drink,57.02707494,25.03778817,493
energy_drink,45.89694862,19.86427624,122
energy_drink,52.51852821,22.96406517,483
energy_drink,55.73210596,17.81691357,737
energy_drink,62.34774779,19.07144829,692
energy_drink,53.12534343,27.87733999,640
energy_drink,49.61427069,16.66760536,745
energy_drink,78.21646978,11.71141248,530
energy_drink,83.67126191,15.803709,1000
energy_drink,76.06734742,17.93541307,927
energy_drink,78.20716269,14.87942589,957
energy_drink,79.47178259,13.22570392,974
energy_drink,79.92207817,18.23577958,36
energy_drink,80.86385924,17.00767155,136
energy_drink,86.86506877,9.328228064,859
energy_drink,54.36979666,21.0283196,928
energy_drink,53.74454523,15.86789874,412
energy_drink,80.27652612,52.3701443,746
energy_drink,47.74811478,86.12828539,796
energy_drink,53.71466719,81.45829638,853
energy_drink,55.83935937,82.97013906,593
coffee,58.82872602,82.46992952,155
coffee,48.85024341,78.04384948,212
coffee,50.66498948,82.99163105,847
coffee,53.33205928,72.73464915,308
coffee,48.16732787,83.68208512,975
coffee,51.00673133,82.72183704,222
coffee,46.40708689,85.57609685,154
coffee,50.3264993,72.20085323,800
coffee,49.99389521,76.15863312,938
coffee,39.40465006,69.06713003,600
coffee,31.69102214,69.64651406,692
coffee,35.80510205,71.55006544,110
coffee,35.00751759,59.52522867,562
coffee,26.65948697,66.28553566,89
coffee,20.96344136,59.76005106,264
coffee,28.5147347,62.43846601,807
coffee,28.80410885,65.72840613,325
coffee,28.30061209,66.81032972,527
coffee,33.18092725,62.72085306,833
coffee,24.49902296,71.03252196,829
coffee,49.85156927,74.60727999,703
coffee,46.32374325,81.90196392,838
coffee,51.71235322,80.45152151,742
coffee,67.92068644,84.38955478,719
coffee,72.22700542,74.68475381,761
coffee,64.26043629,85.18144264,113
coffee,63.88951511,77.96289705,378
coffee,57.60061467,74.63905169,624
coffee,62.55437008,81.38325114,454
coffee,59.51408685,74.75889281,62
coffee,50.43112483,16.10393386,944
coffee,43.2967002,17.73597943,171
coffee,37.03485051,23.22365757,688
coffee,25.82174884,24.00825405,542
coffee,35.28895826,22.74272143,122
coffee,42.20844952,22.43769422,709
coffee,33.81748144,28.18919395,948
coffee,37.49376918,19.95272568,14
coffee,34.67429202,23.26933547,17
coffee,11.82758815,52.74748223,29
coffee,25.54737911,31.64641215,306
coffee,21.1476052,45.99055708,268
coffee,32.13388752,61.32530156,732
coffee,30.85769857,39.74059712,555
coffee,30.14287759,29.08024254,867
coffee,37.72295661,15.73929871,325
coffee,29.68966246,34.66841804,918
coffee,40.5223455,24.21527594,890
coffee,37.86440044,17.1448873,252
coffee,48.58693501,10.35390832,595
coffee,48.99916053,21.04116922,11
coffee,55.66006238,14.32039868,738
coffee,58.48059565,12.15467472,378
coffee,58.72493666,15.67768768,366
coffee,62.20741808,19.27982616,487
coffee,88.10008693,32.92134611,851
coffee,73.43614737,26.61816882,185
coffee,88.35298913,63.34353465,53
coffee,90.14924831,55.03330396,452
coffee,88.88441705,42.54212573,657
coffee,75.83946507,63.83517079,483
coffee,78.2516272,77.58791599,190
coffee,73.91869716,72.06834658,531
coffee,60.84834934,80.17000943,276
coffee,50.08744264,78.09018059,733
coffee,54.73637793,82.37282436,345
coffee,60.61777888,90.60844194,422
coffee,56.27925066,81.9847124,926
coffee,46.58879727,76.27485358,731
coffee,51.82102707,86.52233271,121
coffee,53.8466481,76.09263437,728
coffee,54.18535227,78.08443175,442
coffee,60.03849655,77.45424814,865
coffee,60.57046899,80.66281112,97
coffee,43.33544841,84.37473623,982
coffee,40.6302054,82.86756525,189
coffee,31.82308694,74.46403381,65
coffee,36.90700394,80.44153559,97
coffee,52.5151791,87.36844307,710
coffee,60.45239266,73.53168287,786
coffee,68.53707263,75.9859416,443
coffee,54.81546729,82.11821439,329
coffee,53.09340511,82.84217631,462
coffee,61.0259949,76.95421396,83
coffee,77.74653235,82.03878122,533
coffee,63.31951032,79.6966825,383
coffee,65.64116391,69.80101061,578
coffee,56.71294242,82.04042275,805
coffee,76.76943457,71.55652451,63
coffee,94.64151115,68.95350292,337
coffee,78.64020924,65.21628941,593
coffee,81.89156305,52.44936,853
coffee,82.88591949,53.98866771,669
coffee,90.91462651,53.0530452,488
coffee,92.17098144,48.6066086,308
coffee,81.48437311,45.12725787,893
coffee,91.63712131,43.61854465,845
coffee,88.79066745,40.07875787,496
coffee,78.49743467,22.82315,301
coffee,75.47473512,22.69935895,653
coffee,61.35508013,14.82865053,52
coffee,75.74558097,28.74461534,500
coffee,61.63184691,14.83608449,927
coffee,64.81090384,17.68669158,816
coffee,74.30792028,26.27427641,489
coffee,68.28986139,28.87766393,322
coffee,54.02109361,9.603733549,582
coffee,70.00946666,30.74205364,665
coffee,70.09822932,27.93224047,426
coffee,72.44074172,21.05498907,598
coffee,65.84341003,21.78262458,383
coffee,59.21751801,18.70848754,152
coffee,60.4479707,20.68371497,635
coffee,46.60194195,21.51415368,859
coffee,55.96026927,20.8481819,170
coffee,42.62637958,28.66655219,314
coffee,58.73272972,24.45996595,409
coffee,57.31038614,22.70223743,779
coffee,66.65413485,31.14878388,275
coffee,55.22833562,16.22764442,912
coffee,55.23706703,13.84691026,341
coffee,52.35367867,8.035573584,406
coffee,53.40355478,15.76846571,389
coffee,45.63811268,18.15050277,557
coffee,59.00237874,19.37934125,226
coffee,70.37725528,18.65809024,407
coffee,63.34263923,24.26252772,136
coffee,63.59667053,14.53068957,805
coffee,62.1886015,8.600511273,58
coffee,66.8800801,16.00627245,737
coffee,66.71190173,17.97888188,124
coffee,64.49847658,23.67171401,974
coffee,71.48025147,23.10917891,792
coffee,58.58184393,10.83639072,853
coffee,62.24821402,26.39728438,706
coffee,66.51656966,6.967992958,111
coffee,57.43777511,19.2277389,68
coffee,39.60725833,14.79220855,781
coffee,87.31678513,64.03786926,607
coffee,57.40878709,84.34522113,834
coffee,57.24703604,91.1743749,826
coffee,56.18475313,79.49623127,779
sleep_deprivation,57.57465654,81.9431564,849
sleep_deprivation,56.65076431,87.15052345,717
sleep_deprivation,54.78359846,91.38896867,864
sleep_deprivation,52.6164838,96.72309732,467
sleep_deprivation,41.01266718,88.78612154,509
sleep_deprivation,35.80026705,93.3477542,871
sleep_deprivation,40.55241099,79.99214331,588
sleep_deprivation,45.90499106,83.2580955,311
sleep_deprivation,35.61592163,77.62505534,805
sleep_deprivation,26.27702839,76.07292022,486
sleep_deprivation,27.66253184,70.51092347,166
sleep_deprivation,29.16418358,65.62925278,896
sleep_deprivation,22.41815321,60.06604969,796
sleep_deprivation,31.79923422,68.45399359,71
sleep_deprivation,19.27292778,63.10707147,222
sleep_deprivation,32.46217542,39.95380474,896
sleep_deprivation,39.95173344,49.39604295,639
sleep_deprivation,44.99664168,55.24293797,979
sleep_deprivation,42.13017973,65.61157898,880
sleep_deprivation,41.94845088,46.19012795,908
sleep_deprivation,42.05540345,67.81557654,494
sleep_deprivation,48.58145308,69.89933411,976
sleep_deprivation,48.38743344,63.53928537,475
sleep_deprivation,72.42944172,69.61313476,904
sleep_deprivation,65.95373214,69.73215039,691
sleep_deprivation,57.5238649,70.66145209,981
sleep_deprivation,59.30280782,70.33930051,166
sleep_deprivation,52.53193948,61.24177269,276
sleep_deprivation,58.8621187,66.10268359,926
sleep_deprivation,62.68421966,71.35627714,224
sleep_deprivation,38.40306513,42.79191406,623
sleep_deprivation,42.22117353,39.86210719,988
sleep_deprivation,48.65745341,38.11547897,925
sleep_deprivation,48.04576596,37.74792786,790
sleep_deprivation,42.31847535,34.39277486,785
sleep_deprivation,54.85598946,32.09977477,282
sleep_deprivation,44.41233963,37.94571935,761
sleep_deprivation,48.70790702,37.09318738,738
sleep_deprivation,37.23225068,32.10296814,179
sleep_deprivation,37.86009894,40.39806991,456
sleep_deprivation,42.04022649,53.79306944,731
sleep_deprivation,43.32267854,42.68575052,346
sleep_deprivation,43.52877258,44.7291477,428
sleep_deprivation,31.21624469,53.47733157,383
sleep_deprivation,17.28976751,37.94341953,798
sleep_deprivation,24.9944599,27.0685872,573
sleep_deprivation,28.87076352,19.66959856,651
sleep_deprivation,35.78691372,16.62176229,913
sleep_deprivation,57.46482853,32.01855049,227
sleep_deprivation,55.20442999,34.60145512,494
sleep_deprivation,59.44980146,35.29961102,734
sleep_deprivation,44.67779792,40.16220494,877
sleep_deprivation,51.91781689,30.98058935,37
sleep_deprivation,75.30018936,30.76552227,34
sleep_deprivation,55.54342571,34.85269374,856
sleep_deprivation,62.18367794,34.32273729,822
sleep_deprivation,80.25725155,49.86679641,420
sleep_deprivation,79.17046433,51.26205089,832
sleep_deprivation,70.1436325,51.08882877,170
sleep_deprivation,62.97007366,37.56830762,243
sleep_deprivation,72.73383424,53.36688135,581
sleep_deprivation,64.3675458,70.37379445,880
sleep_deprivation,68.91617332,64.69133682,911
sleep_deprivation,71.10060801,58.44878576,484
sleep_deprivation,40.72168219,89.20779673,31
sleep_deprivation,49.15571509,86.44521923,799
sleep_deprivation,58.59032969,88.00892461,61
sleep_deprivation,43.51724322,86.684855,773
sleep_deprivation,59.91410493,85.43493888,707
sleep_deprivation,50.90995715,79.42103614,311
sleep_deprivation,56.078179,92.14186165,454
sleep_deprivation,56.27427086,82.92429939,374
sleep_deprivation,47.81079847,86.70761521,441
sleep_deprivation,56.66090348,89.74873283,140
sleep_deprivation,49.46047521,89.40329123,943
sleep_deprivation,43.24345573,53.49082073,772
sleep_deprivation,32.84293061,71.41417466,737
sleep_deprivation,25.90527731,62.8675794,241
sleep_deprivation,72.98940046,95.27882,355
sleep_deprivation,67.29673115,80.12615483,754
sleep_deprivation,52.01264579,82.57191092,648
sleep_deprivation,68.74416152,87.85762387,586
sleep_deprivation,63.93788139,82.95428511,896
sleep_deprivation,62.32671876,90.70929993,66
sleep_deprivation,71.70298062,84.301853,175
sleep_deprivation,70.5287509,86.72115591,175
sleep_deprivation,74.25399688,89.18972261,698
sleep_deprivation,74.19307194,88.29307494,59
sleep_deprivation,82.0141903,70.48218467,155
sleep_deprivation,80.72029372,77.07878268,659
sleep_deprivation,91.08089101,65.94571517,135
sleep_deprivation,95.43700101,70.91400058,434
sleep_deprivation,96.24325202,56.66631909,301
sleep_deprivation,95.36809354,52.75117538,974
sleep_deprivation,94.13082212,45.8779756,174
sleep_deprivation,99.02868602,50.13935052,351
sleep_deprivation,94.06538445,30.11514482,845
sleep_deprivation,85.99081307,20.65025443,975
sleep_deprivation,56.8652117,32.98481111,919
sleep_deprivation,70.31458061,30.95489606,980
sleep_deprivation,54.13242482,36.1494015,420
sleep_deprivation,61.51800545,32.8613068,560
sleep_deprivation,58.49330072,31.29767994,200
sleep_deprivation,70.83133824,36.14786323,2
sleep_deprivation,81.73028061,27.78470172,906
sleep_deprivation,78.68903658,18.34377178,734
sleep_deprivation,69.3180194,15.20145424,874
sleep_deprivation,68.96889716,8.266669614,132
sleep_deprivation,65.22631751,8.989360939,131
sleep_deprivation,55.43716122,9.999439829,762
sleep_deprivation,56.82688925,11.12156241,124
sleep_deprivation,52.81010752,9.718510413,213
sleep_deprivation,51.76356347,7.077211838,899
sleep_deprivation,41.78868003,16.35448463,522
sleep_deprivation,62.89439259,9.929996191,776
sleep_deprivation,55.02096042,16.26145539,953
sleep_deprivation,60.90557516,16.60196208,333
sleep_deprivation,49.63094541,12.4419112,403
sleep_deprivation,57.76094369,6.314765537,846
sleep_deprivation,52.37844543,8.951593792,423
sleep_deprivation,67.94434483,15.83138857,844
sleep_deprivation,64.77300101,4.695353828,887
sleep_deprivation,40.48528396,16.67457955,466
sleep_deprivation,35.56191165,16.09533654,992
sleep_deprivation,49.02315868,16.93433548,421
sleep_deprivation,50.86888503,26.47057093,345
sleep_deprivation,49.91523117,6.788405992,936
sleep_deprivation,50.610907,11.31228272,216
sleep_deprivation,69.65476784,23.98558472,111
sleep_deprivation,67.30727964,11.11169013,553
sleep_deprivation,64.00728249,12.85205185,970
sleep_deprivation,59.11592614,8.838966806,925
sleep_deprivation,77.66993932,16.07200195,99
sleep_deprivation,70.02313938,20.13733382,311
sleep_deprivation,69.47632923,15.11901301,386
sleep_deprivation,73.0403465,27.30528005,70
sleep_deprivation,33.64080399,11.88736344,662
sleep_deprivation,51.08708839,34.12568091,23
sleep_deprivation,96.70233702,48.17051422,183
sleep_deprivation,63.81121593,78.71439574,285
sleep_deprivation,43.35775726,86.37453195,174
sleep_deprivation,48.86885011,81.02400674,981
blueberry_extract,48.48692381,102.9815165,848
blueberry_extract,48.87474678,95.61416306,422
blueberry_extract,43.48256767,97.08753406,319
blueberry_extract,50.06976926,99.08378831,604
blueberry_extract,50.74048448,104.5175772,348
blueberry_extract,47.40949907,91.70916898,848
blueberry_extract,30.73727487,77.90278053,488
blueberry_extract,33.83552641,85.01553805,718
blueberry_extract,30.38888969,75.0961834,651
blueberry_extract,25.93174406,75.16486031,496
blueberry_extract,18.21240829,71.64486818,739
blueberry_extract,22.68795603,53.97080963,322
blueberry_extract,21.92036256,61.11178608,899
blueberry_extract,31.83582824,42.79632896,836
blueberry_extract,31.23116987,59.79992774,999
blueberry_extract,27.59520655,62.14991873,517
blueberry_extract,40.94098586,56.13744718,384
blueberry_extract,37.72182646,75.92173734,392
blueberry_extract,41.75683211,44.52543658,17
blueberry_extract,55.08616825,49.61066495,634
blueberry_extract,50.77440379,46.09836769,460
blueberry_extract,60.12818965,58.56549602,336
blueberry_extract,46.64367336,53.02305663,927
blueberry_extract,61.20560765,67.83800872,257
blueberry_extract,62.38815595,56.09239353,715
blueberry_extract,68.19778485,67.78497602,688
blueberry_extract,65.00864207,57.69603448,646
blueberry_extract,59.8908711,63.68069464,275
blueberry_extract,56.16942281,49.84795756,509
blueberry_extract,57.67188398,52.06044928,962
blueberry_extract,52.66137614,43.02953831,179
blueberry_extract,38.93877736,60.71741802,790
blueberry_extract,45.57718011,40.23054348,589
blueberry_extract,59.52274785,51.65460712,117
blueberry_extract,35.29504956,36.3239216,120
blueberry_extract,34.35913378,32.49631873,415
blueberry_extract,36.3731233,35.8727085,709
blueberry_extract,42.43335787,38.35421104,553
blueberry_extract,28.60347128,38.62711458,612
blueberry_extract,41.36130575,30.26163467,554
blueberry_extract,51.37397219,46.79902529,559
blueberry_extract,47.06883497,50.988564,111
blueberry_extract,44.90016561,53.57286171,751
blueberry_extract,22.83086417,32.25898686,31
blueberry_extract,31.76087109,30.66692074,655
blueberry_extract,34.77112295,25.05594464,509
blueberry_extract,38.51790554,36.82571798,568
blueberry_extract,34.9869774,34.6817128,548
blueberry_extract,57.88893768,25.57364565,447
blueberry_extract,55.6110863,25.56921211,316
blueberry_extract,58.04469848,27.43287331,385
blueberry_extract,64.90184162,20.33158281,157
blueberry_extract,66.55669591,46.7386961,258
blueberry_extract,66.95607148,33.67870104,788
blueberry_extract,69.29567642,42.67453056,913
blueberry_extract,52.20100843,46.96230149,413
blueberry_extract,54.04547876,55.62588636,181
blueberry_extract,61.25524029,38.94162247,463
blueberry_extract,57.42889955,34.01564968,348
blueberry_extract,76.05984688,49.60706755,588
blueberry_extract,89.43289735,56.03848069,899
blueberry_extract,62.58844493,59.68119541,127
blueberry_extract,66.60891511,59.48037831,914
blueberry_extract,79.2528817,72.60007709,216
blueberry_extract,43.09450411,74.10411809,138
blueberry_extract,58.15387506,80.32718297,820
blueberry_extract,60.75697453,76.13143663,411
blueberry_extract,64.97462274,83.12987032,401
blueberry_extract,63.07666875,85.88059327,53
blueberry_extract,50.67768997,78.16746103,463
blueberry_extract,66.10261257,90.19228343,642
blueberry_extract,54.93548769,82.08356058,736
blueberry_extract,52.89926756,79.91589444,793
blueberry_extract,50.34720881,83.6673368,985
blueberry_extract,45.39698021,76.88634228,83
blueberry_extract,33.10118296,70.75063497,598
blueberry_extract,35.2318559,61.30010613,953
blueberry_extract,42.32901392,62.05452129,627
blueberry_extract,56.07123957,103.0070353,353
blueberry_extract,65.73551865,104.8326825,32
blueberry_extract,58.22547329,90.43692325,279
blueberry_extract,64.07458365,92.98550974,420
blueberry_extract,74.69748763,95.98309245,333
blueberry_extract,83.22014552,88.90698098,681
blueberry_extract,79.49567466,77.81362025,735
blueberry_extract,77.68447413,73.12179707,720
blueberry_extract,73.2661865,78.49116451,802
blueberry_extract,75.53265471,68.72646155,648
blueberry_extract,80.1328698,74.28247927,773
blueberry_extract,74.5116961,51.1205546,469
blueberry_extract,78.69504652,55.98732679,144
blueberry_extract,80.06381118,56.74255043,527
blueberry_extract,101.5343878,48.01271753,217
blueberry_extract,89.3589202,48.17242693,804
blueberry_extract,88.63308491,37.71109305,467
blueberry_extract,84.53768228,40.35443819,299
blueberry_extract,97.70217906,42.28732083,218
blueberry_extract,103.7547301,51.11969383,833
blueberry_extract,45.81859143,46.57745851,523
blueberry_extract,75.42434215,37.96804627,264
blueberry_extract,73.66498132,37.99903962,260
blueberry_extract,61.76460612,34.07476731,751
blueberry_extract,68.81514834,34.02596309,592
blueberry_extract,68.15236729,19.70808232,795
blueberry_extract,70.22400464,18.93564416,327
blueberry_extract,66.95014328,14.06742381,668
blueberry_extract,61.05571534,10.83208265,290
blueberry_extract,69.60132393,16.36120527,727
blueberry_extract,72.78555937,29.74107961,643
blueberry_extract,79.26782499,16.13485703,63
blueberry_extract,71.26235214,24.84571801,34
blueberry_extract,54.51945543,20.00142991,429
blueberry_extract,57.48313935,29.13676408,527
blueberry_extract,55.21649673,18.53016857,449
blueberry_extract,35.43723531,3.638058273,551
blueberry_extract,42.35786152,21.03111582,648
blueberry_extract,45.96715445,14.78780835,36
blueberry_extract,46.7001824,17.85869511,234
blueberry_extract,52.96280756,3.584711556,30
blueberry_extract,69.85471075,8.799379721,559
blueberry_extract,50.45166519,26.9209971,61
blueberry_extract,45.88326263,20.66665621,85
blueberry_extract,41.09755142,3.639060817,522
blueberry_extract,62.02580005,8.395824128,813
blueberry_extract,67.24608074,15.93304552,140
blueberry_extract,63.82502148,8.785505373,127
blueberry_extract,67.53168289,10.2541025,895
blueberry_extract,67.15050443,23.86268923,444
blueberry_extract,56.08865025,5.304369643,69
blueberry_extract,68.56347779,15.17115966,469
blueberry_extract,52.74649704,15.7163334,400
blueberry_extract,69.38228454,27.40179287,270
blueberry_extract,64.67295623,22.66576615,268
blueberry_extract,66.48311227,22.19247341,784
blueberry_extract,49.13495883,4.668724869,309
blueberry_extract,60.27862039,14.05282272,6
blueberry_extract,33.19202523,32.7438448,96
blueberry_extract,34.46797783,36.89043083,23
blueberry_extract,83.11785286,42.3370938,626
blueberry_extract,56.26811969,98.99585735,209
blueberry_extract,45.882698,94.48532054,458
blueberry_extract,41.79759677,94.97323282,275
peptides,53.06504549,93.38522964,509
peptides,63.81551203,92.9781759,225
peptides,51.68066475,92.5746597,873
peptides,36.70515039,102.9477876,592
peptides,39.01419296,94.91345447,951
peptides,49.89206279,92.6261204,903
peptides,29.06219623,70.91918869,815
peptides,27.91084389,78.56535317,946
peptides,42.97502849,55.61393818,741
peptides,18.12348221,78.04578906,966
peptides,33.92643939,68.9441816,49
peptides,21.99383075,58.35427463,164
peptides,23.28307483,48.87452983,371
peptides,25.60228333,48.74322403,569
peptides,33.50293796,43.11780418,135
peptides,24.95778023,54.37866756,74
peptides,38.97455002,33.78629903,689
peptides,48.06214318,60.43425167,646
peptides,44.55292311,53.28483667,143
peptides,46.48386031,52.92135333,958
peptides,50.1658916,66.86102543,538
peptides,46.26078623,63.98900785,878
peptides,57.81033274,57.9848869,241
peptides,52.8684938,44.37601636,240
peptides,63.71429358,65.57431013,862
peptides,70.87847666,67.12414186,569
peptides,73.49288321,66.45531621,537
peptides,72.81824976,66.72776077,707
peptides,58.38046814,55.35905755,731
peptides,44.3701562,52.8793708,902
peptides,54.05472525,48.24114157,530
peptides,47.70360761,57.37313318,894
peptides,55.12812671,48.33144538,222
peptides,63.01568751,44.8244786,268
peptides,42.3619318,37.86711572,165
peptides,48.39483338,28.89328726,344
peptides,26.15662133,39.84408598,845
peptides,37.43663949,41.03503673,809
peptides,44.55632801,33.0967257,827
peptides,16.46694729,42.55453915,530
peptides,39.10391734,31.56567773,525
peptides,41.0198652,30.24206204,757
peptides,49.05489527,47.35722667,786
peptides,43.22123889,31.06102475,305
peptides,37.67776522,28.90824999,629
peptides,27.34868646,22.73126687,567
peptides,24.1865993,22.48009174,439
peptides,46.30373609,29.90413291,310
peptides,43.3694471,27.36943062,196
peptides,39.93766454,30.82117614,433
peptides,46.62168902,27.16928321,321
peptides,38.19458208,30.73977916,730
peptides,57.88563269,39.93436636,467
peptides,59.37592713,38.69771546,760
peptides,64.48522334,50.09782692,889
peptides,62.25180004,46.89752603,486
peptides,45.96386866,47.61717241,686
peptides,53.7190421,41.66790807,286
peptides,60.81640667,45.84224438,127
peptides,80.45153659,54.6537416,790
peptides,80.83163145,67.53105231,246
peptides,79.37227891,61.42004587,658
peptides,78.91844008,49.63141114,21
peptides,73.18936042,68.69354317,59
peptides,49.71281635,84.8677749,86
peptides,51.81643517,86.75939014,181
peptides,52.20640585,81.923541,615
peptides,54.48608005,87.39533036,751
peptides,62.03988074,76.48806075,403
peptides,58.14606634,101.1300409,688
peptides,49.65130099,85.42596013,999
peptides,43.03832646,84.31655572,896
peptides,49.20386117,77.92928094,714
peptides,49.04543396,75.66996077,879
peptides,56.49466952,81.96788007,808
peptides,42.58409052,58.26802894,742
peptides,33.6503716,73.00501023,939
peptides,43.59742568,75.75792869,4
peptides,58.01374216,93.5029047,716
peptides,57.44319119,95.15185013,479
peptides,62.40135338,86.11560536,321
peptides,60.85367728,91.74569935,774
peptides,58.08048816,92.29990264,107
peptides,69.54362189,84.20146707,16
peptides,70.99309676,89.12166109,724
peptides,82.0531732,76.97516318,117
peptides,81.19164989,72.21111941,716
peptides,76.98332722,67.36017668,400
peptides,81.4667473,75.67290797,793
peptides,86.54920836,66.40018841,378
peptides,82.29595053,52.72823206,178
peptides,84.13361305,58.60250541,256
peptides,89.71163772,47.63674679,25
peptides,94.83870312,51.78140385,534
peptides,95.62918883,40.84874313,1
peptides,96.44494765,42.60033144,623
peptides,95.75744282,28.45924009,738
peptides,95.07194127,38.92829705,768
peptides,64.78085083,42.14010145,434
peptides,62.32629672,43.12803521,105
peptides,68.17100442,33.41824903,334
peptides,64.04620589,36.32235921,550
peptides,68.64140038,33.13954196,897
peptides,69.43706266,35.01221645,732
peptides,78.98027431,25.24271508,488
peptides,78.93950774,26.00273446,970
peptides,65.1265338,38.57212838,660
peptides,79.65708463,33.80108579,405
peptides,65.73245096,13.26076645,654
peptides,52.73518131,18.35723777,794
peptides,61.54630299,10.49684359,526
peptides,48.84554342,20.30714805,999
peptides,50.1735627,12.63536331,651
peptides,61.15562263,15.81790063,816
peptides,62.94390038,18.87073859,618
peptides,43.70566282,-0.376324115,621
peptides,57.50973694,17.57977855,585
peptides,51.69672846,18.76562973,144
peptides,61.38668922,7.535469021,236
peptides,53.11448442,27.19145968,405
peptides,52.75853546,19.2852856,983
peptides,64.08574616,13.0114751,258
peptides,53.35013101,1.797453594,277
peptides,51.11221643,1.396275026,360
peptides,55.62107481,3.679403206,44
peptides,57.38513416,23.04763873,972
peptides,67.29948512,13.79199288,425
peptides,55.29163305,16.3408311,924
peptides,69.09521882,7.403692774,237
peptides,56.92891945,9.273686805,943
peptides,73.37805936,-4.836238297,559
peptides,87.08425116,14.82366512,269
peptides,83.7280332,14.67439752,440
peptides,64.00909368,3.305863859,977
peptides,65.66241532,6.424589054,490
peptides,67.51933115,4.699758891,280
peptides,41.59089898,36.88985347,768
peptides,39.25630223,39.72605743,706
peptides,97.07599048,38.91668255,248
peptides,55.60474933,99.72254351,920
peptides,64.38182333,104.1873416,80
peptides,37.42655272,89.37449736,645
b_complex,75.3957815,98.33353734,190
b_complex,66.48730979,93.90799495,402
b_complex,38.39154848,99.35371557,394
b_complex,38.63122375,98.78897051,38
b_complex,37.28840284,93.15605619,291
b_complex,35.00141229,85.10607768,666
b_complex,33.14972818,82.04436706,9
b_complex,40.05841259,78.64390476,908
b_complex,26.87540731,82.66572264,436
b_complex,27.090771,64.70522538,334
b_complex,23.54590294,66.64996249,280
b_complex,30.19653382,66.56189913,310
b_complex,31.59528138,64.40255601,794
b_complex,31.40118436,54.69430975,167
b_complex,28.22772709,49.64107246,169
b_complex,36.62541832,59.34515371,908
b_complex,39.43856321,52.08066423,323
b_complex,38.67087412,57.96670601,26
b_complex,38.29589067,46.8799528,185
b_complex,37.18617757,63.00892666,710
b_complex,31.36553064,53.09269897,55
b_complex,66.33563645,47.53198521,569
b_complex,64.02512901,73.06690351,815
b_complex,75.23551291,61.43034334,508
b_complex,67.75249718,56.79162839,749
b_complex,72.67446846,59.15576569,894
b_complex,58.72747942,61.3171681,1
b_complex,63.70962368,60.70800666,710
b_complex,70.65827572,47.5841007,428
b_complex,63.74010826,52.70683295,964
b_complex,68.70493789,49.21339635,520
b_complex,34.5800423,36.39315442,101
b_complex,38.94492868,54.51225046,704
b_complex,77.83135373,49.34105695,293
b_complex,37.1690472,42.20489327,104
b_complex,31.97675696,31.68890275,830
b_complex,40.69452774,31.69001243,311
b_complex,34.85721501,32.28891664,224
b_complex,28.98161848,35.56715018,848
b_complex,30.72632225,35.03544224,493
b_complex,37.66454359,47.973241,406
b_complex,37.34997814,42.58286522,869
b_complex,35.39349034,47.38800469,917
b_complex,36.70923731,39.49683213,715
b_complex,25.58314771,39.29109347,409
b_complex,28.14209693,38.04682601,350
b_complex,29.09443018,28.56467527,879
b_complex,37.71944593,20.05217966,975
b_complex,32.43017883,28.41816883,511
b_complex,29.87256715,28.90897552,105
b_complex,35.80119442,26.95630251,99
b_complex,67.42484558,30.86179077,760
b_complex,75.30480401,45.5894262,507
b_complex,67.52173611,38.22242986,770
b_complex,68.76145878,50.0708207,593
b_complex,66.66262415,36.4441945,36
b_complex,68.03316484,39.2399481,371
b_complex,60.65538309,44.00400033,726
b_complex,62.2696148,57.75784522,12
b_complex,68.10291305,58.30017436,581
b_complex,70.35692328,51.68644811,255
b_complex,73.46707661,59.25728421,580
b_complex,66.64418893,67.39559639,611
b_complex,68.9188715,72.78773926,960
b_complex,50.20380809,81.38798233,505
b_complex,39.55704118,90.8111652,461
b_complex,44.18763137,91.28903874,320
b_complex,72.61187739,92.93559014,842
b_complex,61.99435812,93.5429596,87
b_complex,65.37798126,87.26146822,615
b_complex,68.92191753,73.94717989,879
b_complex,61.49502922,74.70344373,103
b_complex,61.33076452,78.37786773,127
b_complex,41.49097089,75.4746614,759
b_complex,33.19642438,79.32676362,282
b_complex,35.09378605,62.17885962,718
b_complex,33.93157088,66.62902286,282
b_complex,38.92731495,62.06672825,234
b_complex,73.53675988,95.51037574,931
b_complex,65.25808033,94.80079977,837
b_complex,69.26707427,100.3732909,333
b_complex,75.86251253,96.83087908,745
b_complex,70.00475573,94.66255062,483
b_complex,65.77095434,94.24090511,260
b_complex,67.98117197,84.80879596,49
b_complex,79.25631652,76.75511541,686
b_complex,73.03189638,77.76682088,827
b_complex,79.16171139,78.12645182,128
b_complex,85.23067187,75.88475451,419
b_complex,74.9449003,61.66979626,441
b_complex,85.80436396,59.30904581,341
b_complex,69.4747045,48.22056946,822
b_complex,77.27868536,52.44200928,593
b_complex,69.509803,49.70999458,906
b_complex,76.4852486,33.08705368,584
b_complex,82.2452069,41.30769577,294
b_complex,73.14492404,35.65596449,43
b_complex,79.9199858,40.21828619,355
b_complex,64.13729156,39.4800423,876
b_complex,70.35755737,44.36412683,194
b_complex,57.35633749,34.97229409,966
b_complex,66.09360016,22.5626957,871
b_complex,65.92176681,26.97830753,656
b_complex,66.02505328,31.74379274,324
b_complex,72.13107657,18.09012399,486
b_complex,79.34124986,28.35351024,776
b_complex,68.55394143,19.46849018,2
b_complex,57.10760717,16.79343214,128
b_complex,71.43343306,29.53154282,918
b_complex,74.49747189,22.14606471,962
b_complex,67.12354747,20.82158947,110
b_complex,67.70246451,22.87192297,253
b_complex,65.48455164,28.85649027,898
b_complex,34.2713238,17.39098227,18
b_complex,38.25093811,17.14580301,881
b_complex,41.41048274,17.03069489,776
b_complex,35.19117986,22.80073653,267
b_complex,66.16046078,23.09240363,452
b_complex,66.65184456,16.36264726,423
b_complex,66.8417388,28.45001433,765
b_complex,66.27929594,17.51758276,212
b_complex,31.14180296,14.63689509,769
b_complex,35.63140185,15.30806116,305
b_complex,43.08972575,5.440971895,31
b_complex,73.76387153,10.14228292,158
b_complex,71.77339695,12.17075342,483
b_complex,68.65306627,19.99047942,350
b_complex,77.39880102,15.37419754,967
b_complex,68.27216684,7.605283054,412
b_complex,60.41988962,20.69799172,538
b_complex,67.22859658,17.47003804,855
b_complex,71.23567106,4.61004352,383
b_complex,62.77507078,19.33952741,480
b_complex,72.12366647,14.99046297,374
b_complex,71.15847393,12.6970546,58
b_complex,68.72829152,1.37797879,832
b_complex,29.21198479,21.20401607,942
b_complex,35.1639162,30.68912972,543
b_complex,75.88644981,35.00401326,88
b_complex,36.92248988,89.03159102,83
b_complex,44.11936041,99.05267241,555
b_complex,40.1982788,78.60428286,163
control,56.9038482,102.0588435,647
control,49.39112777,96.09882059,228
control,45.75135675,91.66112046,881
control,45.22313431,90.87057007,988
control,40.25017666,91.4178035,88
control,40.05934319,84.92399775,325
control,37.43904386,79.2567835,917
control,33.08536437,79.28115748,507
control,31.64428095,75.44018629,770
control,24.96274335,71.24437713,243
control,25.83737721,67.98649242,445
control,23.81855174,63.20375613,307
control,22.257869,58.63493776,138
control,27.76956077,53.0748494,838
control,25.02958696,51.79994378,42
control,31.76654401,56.77378737,413
control,35.29262947,52.71472414,656
control,38.97753882,51.09236773,257
control,39.93131387,53.48934472,351
control,44.46914827,54.62265217,349
control,47.19102639,53.83891127,273
control,46.69330515,54.95539777,268
control,54.15863756,59.27274372,838
control,58.52985829,55.4919918,19
control,56.6805115,57.51222789,495
control,59.71417109,64.08492161,345
control,60.74173645,67.75038854,343
control,62.15448535,73.58954221,142
control,55.98675195,56.88597448,114
control,57.0291888,52.5946986,333
control,55.0435343,46.96833154,176
control,46.67957272,35.68910112,603
control,49.96437491,43.88187159,787
control,51.35699969,46.65754444,526
control,45.29098439,36.37681437,7
control,42.07755955,34.43470772,286
control,41.49829493,31.48610798,13
control,33.28123799,32.22897406,78
control,33.18027637,32.13002286,262
control,30.08030885,38.05203332,765
control,34.61298851,42.53359045,194
control,36.73417379,44.73111595,197
control,40.03606271,51.98134584,406
control,31.2564433,37.49016933,372
control,29.1397341,35.43055987,419
control,29.04008007,28.76277318,494
control,34.34184236,25.83384974,234
control,37.67779455,24.14592898,88
control,42.05793271,27.69588653,259
control,44.34409341,26.08757868,7
control,46.53846659,28.64914445,442
control,52.52485614,35.73956701,106
control,51.71526965,38.07726906,641
control,55.28380506,38.0705867,930
control,56.6933352,40.97291414,586
control,59.80379505,40.33617828,626
control,60.01617087,46.32790965,36
control,63.01921649,46.60257748,630
control,65.02490635,45.19761129,507
control,70.65334183,51.86672786,550
control,69.30438494,56.2226749,398
control,75.21207553,58.3217842,960
control,72.61640944,65.27174728,703
control,71.12995806,71.14006989,870
control,47.4404867,80.19294028,100
control,47.54879878,86.38749668,36
control,52.42269123,90.64916399,110
control,53.62291125,85.12752873,298
control,58.03072411,90.6097269,901
control,56.2211999,87.00328076,793
control,56.60412656,84.65763449,653
control,54.09850343,82.59246174,167
control,52.97382815,77.03153012,236
control,50.15629886,80.70799872,563
control,46.18474848,77.05075184,813
control,32.65530545,63.13211744,48
control,31.88203072,61.79752971,814
control,29.2854088,60.73455552,983
control,57.12220955,99.80937126,903
control,64.6235605,96.90120956,324
control,64.95167608,97.28056675,960
control,71.80512356,92.26732432,962
control,73.21686879,91.42198562,928
control,74.35364224,90.31040701,68
control,72.75594461,88.24385622,387
control,78.51474167,80.06923197,561
control,74.8370334,77.41401642,387
control,79.27961557,75.12274432,338
control,83.23527563,69.1916935,803
control,84.01953179,58.8444,555
control,84.17311784,57.27202377,490
control,83.70441335,53.89503361,333
control,87.27039378,50.39782891,810
control,87.92174626,46.06886777,877
control,91.21173168,43.42206259,114
control,92.35648328,38.17122769,692
control,94.5287787,39.7621609,762
control,99.69644056,32.92859857,866
control,57.56864452,39.08816394,961
control,59.91405499,39.56014556,472
control,61.57157574,35.88920007,788
control,65.42932235,28.14226385,275
control,65.18774976,25.19873767,807
control,63.08266239,27.46281832,704
control,75.74950105,23.97418769,765
control,70.4528865,24.93488312,320
control,67.18278829,21.12258251,716
control,67.18013156,20.96804425,893
control,62.82549408,22.80098051,544
control,63.22328596,19.93095293,524
control,57.32664964,18.73072119,533
control,56.30130619,18.44577853,830
control,51.43526718,19.03074422,45
control,52.22862087,16.15383176,513
control,47.96942898,18.44557759,566
control,45.26390102,15.75998802,22
control,48.1879961,19.81996016,953
control,52.97147561,15.64848071,495
control,52.58684363,16.71689166,386
control,59.18113049,14.39431119,27
control,54.84765384,16.27660152,627
control,49.87551188,13.49396407,703
control,49.27782695,12.61755733,454
control,44.21462786,8.752370883,373
control,51.33194603,11.91756513,364
control,54.03225514,14.9280537,749
control,55.70105401,12.69427937,958
control,62.42185128,10.26573563,980
control,64.91143741,9.68123006,537
control,69.65779048,13.20203799,322
control,71.003626,8.941300344,218
control,77.29864707,11.52136049,334
control,78.19827376,13.20727176,227
control,69.62900369,5.751801414,409
control,72.20123229,6.264198867,444
control,69.01590041,4.222462191,819
control,40.85190434,28.3988915,833
control,40.67682758,31.38298097,653
control,90.7925927,41.84011035,529
control,52.61137754,94.82693574,58
control,47.07646842,97.25354152,161
control,45.69787157,94.31538955,807
