target_direction,flanker_direction,current_congruency,previous_congruency,response_type,initiation_time,movement_time,response_time
left,left,C,c,switch,0.303,0.186,0.488
right,left,I,c,switch,0.407,0.103,0.501
right,right,C,i,repeat,0.27,0.168,0.435
left,right,I,c,switch,0.356,0.155,0.509
left,left,C,i,repeat,0.26,0.223,0.472
right,left,I,c,switch,0.355,0.152,0.506
left,right,I,i,switch,0.343,0.152,0.488
right,right,C,i,switch,0.251,0.15,0.408
left,left,C,c,switch,0.289,0.138,0.418
left,left,C,c,repeat,0.236,0.188,0.417
left,right,I,c,repeat,0.274,0.258,0.519
left,right,I,i,repeat,0.275,0.321,0.589
left,left,C,i,repeat,0.271,0.202,0.468
right,left,I,c,switch,0.34,0.174,0.501
right,left,I,i,repeat,0.236,0.233,0.472
left,right,I,i,switch,0.251,0.274,0.524
right,left,I,i,switch,0.241,0.25,0.491
right,right,C,i,repeat,0.252,0.201,0.452
left,left,C,c,switch,0.305,0.158,0.457
right,right,C,c,switch,0.268,0.172,0.442
left,right,I,c,switch,0.307,0.188,0.485
left,left,C,i,repeat,0.26,0.15,0.405
left,left,C,c,repeat,0.244,0.219,0.453
left,left,C,c,repeat,0.244,0.172,0.41
right,left,I,c,switch,0.218,0.284,0.509
right,left,I,i,repeat,0.186,0.317,0.505
left,left,C,i,switch,0.275,0.19,0.457
left,right,I,c,repeat,0.254,0.251,0.507
right,left,I,i,switch,0.291,0.251,0.541
left,right,I,i,switch,0.254,0.224,0.473
right,right,C,i,switch,0.253,0.151,0.402
left,right,I,c,switch,0.218,0.284,0.504
left,left,C,i,repeat,0.257,0.201,0.452
left,left,C,c,repeat,0.269,0.183,0.459
left,right,I,c,repeat,0.207,0.207,0.409
left,left,C,i,repeat,0.207,0.17,0.37
right,left,I,c,switch,0.191,0.269,0.45
left,left,C,i,switch,0.254,0.185,0.443
right,left,I,c,switch,0.239,0.251,0.485
right,left,I,i,repeat,0.219,0.349,0.567
left,left,C,i,switch,0.241,0.257,0.492
right,right,C,c,switch,0.21,0.22,0.425
left,right,I,c,switch,0.276,0.256,0.525
left,right,I,i,repeat,0.223,0.352,0.569
left,left,C,i,repeat,0.221,0.285,0.5
left,left,C,c,repeat,0.238,0.191,0.423
right,right,C,c,switch,0.252,0.202,0.459
right,right,C,c,repeat,0.225,0.223,0.442
right,left,I,c,repeat,0.269,0.299,0.575
left,right,I,i,switch,0.202,0.276,0.471
right,left,I,i,switch,0.239,0.302,0.538
right,left,I,i,repeat,0.274,0.301,0.569
left,left,C,i,switch,0.277,0.167,0.441
left,left,C,c,repeat,0.238,0.222,0.451
right,right,C,c,switch,0.208,0.218,0.417
right,right,C,c,repeat,0.242,0.255,0.493
right,right,C,c,repeat,0.225,0.237,0.455
left,left,C,c,switch,0.251,0.207,0.453
left,right,I,c,repeat,0.203,0.484,0.684
right,left,I,i,switch,0.287,0.222,0.505
left,right,I,i,switch,0.156,0.322,0.47
right,left,I,i,switch,0.12,0.404,0.526
right,right,C,i,repeat,0.208,0.216,0.426
left,left,C,c,switch,0.202,0.192,0.392
right,left,I,c,switch,0.236,0.221,0.457
right,left,I,i,repeat,0.242,0.373,0.603
left,right,I,i,switch,0.305,0.219,0.527
left,left,C,i,repeat,0.241,0.209,0.437
left,right,I,c,repeat,0.202,0.307,0.504
right,left,I,i,switch,0.239,0.309,0.541
left,left,C,i,switch,0.289,0.156,0.441
left,right,I,c,repeat,1.007,0.053,1.056
left,left,C,i,repeat,0.226,0.269,0.489
left,right,I,c,repeat,0.234,0.356,0.59
right,right,C,i,switch,0.238,0.233,0.472
right,left,I,c,repeat,0.223,0.337,0.554
right,right,C,i,repeat,0.242,0.268,0.502
left,right,I,c,switch,0.238,0.225,0.46
left,left,C,i,repeat,0.256,0.217,0.468
right,right,C,c,switch,0.241,0.251,0.484
right,right,C,c,repeat,0.24,0.24,0.471
left,right,I,c,switch,0.287,0.203,0.487
right,left,I,i,switch,0.236,0.254,0.487
right,right,C,i,repeat,0.272,0.242,0.501
right,right,C,c,repeat,0.255,0.233,0.488
right,left,I,c,repeat,0.293,0.29,0.571
left,right,I,i,switch,0.243,0.193,0.417
right,right,C,i,switch,0.24,0.186,0.423
left,right,I,c,switch,0.285,0.202,0.485
right,left,I,i,switch,0.272,0.224,0.485
left,right,I,i,switch,0.219,0.301,0.521
right,right,C,i,switch,0.272,0.184,0.451
right,left,I,c,repeat,0.221,0.308,0.527
right,right,C,i,repeat,0.24,0.335,0.569
left,right,I,c,switch,1.091,0.038,1.124
right,right,C,i,switch,0.241,0.276,0.505
right,right,C,c,repeat,0.242,0.255,0.484
right,right,C,c,repeat,0.108,0.35,0.459
right,left,I,c,repeat,0.208,0.355,0.555
right,right,C,i,repeat,0.258,0.251,0.501
right,right,C,c,repeat,0.017,0.353,0.371
right,right,C,c,repeat,0.255,0.201,0.455
right,right,C,c,repeat,0.175,0.253,0.42
left,right,I,c,switch,0.158,0.384,0.54
left,right,I,i,repeat,0.201,0.356,0.557
left,left,C,i,repeat,1.39,0.053,1.433
left,right,I,c,repeat,0.274,0.3,0.572
left,left,C,i,repeat,0.157,0.256,0.402
left,right,I,c,repeat,0.205,0.29,0.491
left,left,C,i,repeat,0.105,0.373,0.472
right,right,C,c,switch,0.068,0.358,0.421
right,left,I,c,repeat,0.191,0.45,0.641
left,right,I,i,switch,0.203,0.352,0.553
right,left,I,i,switch,0.237,0.356,0.588
right,left,I,i,repeat,0.276,0.317,0.586
right,right,C,i,repeat,0.276,0.238,0.503
left,left,C,c,switch,0.202,0.217,0.426
right,left,I,c,switch,0.234,0.255,0.489
right,right,C,i,repeat,0.159,0.351,0.507
left,right,I,c,switch,0.255,0.188,0.441
left,left,C,i,repeat,0.204,0.269,0.468
left,left,C,c,repeat,0.086,0.3,0.39
right,left,I,c,switch,0.201,0.252,0.456
left,right,I,i,switch,0.289,0.217,0.503
left,right,I,i,repeat,0.234,0.15,0.385
left,left,C,i,repeat,0.285,0.168,0.458
left,left,C,c,repeat,0.124,0.336,0.457
left,left,C,c,repeat,0.235,0.193,0.425
right,right,C,c,switch,0.227,0.256,0.47
left,left,C,c,switch,0.238,0.189,0.418
left,left,C,c,repeat,0.203,0.207,0.407
right,left,I,c,switch,0.238,0.321,0.551
left,left,C,i,switch,0.293,0.204,0.486
right,right,C,c,switch,0.258,0.225,0.467
left,left,C,c,switch,0.127,0.291,0.403
right,left,I,c,switch,0.237,0.251,0.489
left,left,C,i,switch,0.127,0.335,0.46
left,right,I,c,repeat,0.234,0.351,0.592
right,right,C,i,switch,0.244,0.226,0.455
left,left,C,c,switch,0.174,0.253,0.416
right,right,C,c,switch,0.22,0.304,0.524
left,right,I,c,switch,0.237,0.291,0.517
left,right,I,i,repeat,0.288,0.288,0.576
left,right,I,i,repeat,0.257,0.322,0.573
right,right,C,i,switch,0.187,0.273,0.456
right,right,C,c,repeat,0.238,0.274,0.503
right,left,I,c,repeat,0.27,0.29,0.557
right,right,C,i,repeat,0.269,0.253,0.519
right,right,C,c,repeat,0.302,0.192,0.486
right,right,C,c,repeat,0.359,0.207,0.552
right,left,I,c,repeat,0.309,0.251,0.551
left,left,C,i,switch,0.251,0.186,0.438
left,right,I,c,repeat,0.22,0.3,0.522
right,right,C,i,switch,0.288,0.306,0.59
right,right,C,c,repeat,0.26,0.24,0.488
left,right,I,c,switch,0.235,0.241,0.473
right,right,C,i,switch,0.22,0.225,0.435
right,left,I,c,repeat,0.244,0.386,0.617
right,left,I,i,repeat,0.22,0.358,0.57
left,left,C,i,switch,0.239,0.172,0.403
left,right,I,c,repeat,0.368,0.221,0.586
left,left,C,i,repeat,0.227,0.217,0.439
left,left,C,c,repeat,0.27,0.166,0.437
left,left,C,c,repeat,0.201,0.276,0.473
right,right,C,c,switch,0.288,0.19,0.474
left,left,C,c,switch,0.236,0.223,0.452
right,left,I,c,switch,0.276,0.271,0.534
right,left,I,i,repeat,0.285,0.241,0.518
left,right,I,i,switch,0.359,0.237,0.583
left,right,I,i,repeat,0.286,0.3,0.588
right,left,I,i,switch,0.291,0.284,0.576
right,left,I,i,repeat,0.301,0.318,0.617
left,right,I,i,switch,0.341,0.253,0.588
left,right,I,i,repeat,0.256,0.336,0.586
left,right,I,i,repeat,0.258,0.301,0.556
left,right,I,i,repeat,0.088,0.504,0.593
left,right,I,i,repeat,0.41,0.201,0.6
left,right,I,i,repeat,0.207,0.355,0.56
right,left,I,i,repeat,0.307,0.336,0.643
right,left,I,i,repeat,0.303,0.285,0.592
right,right,C,i,repeat,0.289,0.322,0.607
right,right,C,c,repeat,0.287,0.273,0.553
right,left,I,c,repeat,0.388,0.203,0.588
left,left,C,i,switch,0.251,0.204,0.459
left,left,C,c,repeat,0.209,0.273,0.472
left,right,I,c,repeat,0.057,0.439,0.493
right,left,I,i,switch,0.301,0.304,0.606
right,left,I,i,repeat,0.386,0.234,0.625
right,right,C,i,repeat,0.344,0.201,0.535
left,right,I,c,switch,0.256,0.334,0.592
left,left,C,i,repeat,0.251,0.239,0.492
right,left,I,c,switch,0.204,0.338,0.536
left,left,C,i,switch,0.322,0.184,0.505
right,left,I,c,switch,0.489,0.373,0.852
right,right,C,i,repeat,0.343,0.273,0.604
right,left,I,c,repeat,0.406,0.22,0.623
right,left,I,i,repeat,0.301,0.301,0.601
right,right,C,i,repeat,0.073,0.475,0.535
left,left,C,c,switch,0.501,0.14,0.642
right,right,C,c,switch,0.289,0.202,0.488
right,right,C,c,repeat,0.22,0.185,0.403
left,left,C,c,switch,0.234,0.284,0.525
right,right,C,c,switch,0.208,0.185,0.383
right,left,I,c,repeat,0.24,0.334,0.57
left,left,C,i,switch,0.29,0.16,0.442
right,right,C,c,switch,0.324,0.14,0.457
right,right,C,c,repeat,0.238,0.235,0.467
right,left,I,c,repeat,0.285,0.154,0.44
left,right,I,i,switch,0.243,0.336,0.576
left,right,I,i,repeat,0.222,0.323,0.538
right,right,C,i,switch,0.292,0.15,0.435
left,left,C,c,switch,0.27,0.184,0.46
left,left,C,c,repeat,0.251,0.205,0.454
right,right,C,c,switch,0.27,0.187,0.452
left,left,C,c,switch,0.24,0.253,0.492
left,right,I,c,repeat,0.324,0.255,0.569
left,right,I,i,repeat,0.252,0.305,0.553
right,right,C,i,switch,0.223,0.203,0.418
right,left,I,c,repeat,0.259,0.292,0.542
right,right,C,i,repeat,0.304,0.186,0.486
left,left,C,c,switch,0.237,0.226,0.456
left,right,I,c,repeat,0.26,0.318,0.573
left,left,C,i,repeat,0.253,0.25,0.505
left,right,I,c,repeat,0.251,0.308,0.552
left,left,C,i,repeat,0.221,0.207,0.42
left,right,I,c,repeat,0.274,0.19,0.451
left,left,C,i,repeat,0.274,0.24,0.507
right,left,I,c,switch,0.277,0.223,0.49
left,right,I,i,switch,0.254,0.237,0.483
right,right,C,i,switch,0.243,0.184,0.418
right,left,I,c,repeat,0.257,0.258,0.502
left,right,I,i,switch,0.225,0.302,0.52
left,left,C,i,repeat,0.271,0.209,0.477
right,left,I,c,switch,0.258,0.249,0.505
right,right,C,i,repeat,0.244,0.209,0.436
right,left,I,c,repeat,0.184,0.252,0.441
right,left,I,i,repeat,0.225,0.238,0.458
left,left,C,i,switch,0.227,0.239,0.457
right,left,I,c,switch,0.256,0.188,0.435
right,left,I,i,repeat,0.217,0.375,0.586
left,left,C,i,switch,0.257,0.356,0.604
left,right,I,c,repeat,0.034,0.487,0.525
right,left,I,i,switch,0.24,0.349,0.59
left,right,I,i,switch,0.221,0.202,0.426
right,right,C,i,switch,0.172,0.183,0.351
left,right,I,c,switch,0.202,0.305,0.503
left,left,C,i,repeat,0.276,0.169,0.435
right,left,I,c,switch,0.218,0.27,0.493
left,left,C,i,switch,0.239,0.189,0.421
left,right,I,c,repeat,0.287,0.193,0.474
left,right,I,i,repeat,0.151,0.322,0.468
right,left,I,i,switch,0.075,0.289,0.356
right,right,C,i,repeat,0.301,0.166,0.474
left,right,I,c,switch,0.307,0.154,0.457
right,left,I,i,switch,0.243,0.207,0.438
left,right,I,i,switch,0.014,0.283,0.285
right,right,C,i,switch,0.139,0.258,0.387
left,right,I,c,switch,0.254,0.222,0.469
right,right,C,i,switch,0.256,0.185,0.436
right,left,I,c,repeat,0.188,0.475,0.659
left,right,I,i,switch,0.301,0.201,0.499
left,right,I,i,repeat,0.284,0.199,0.487
right,left,I,i,switch,0.257,0.207,0.459
right,left,I,i,repeat,0.304,0.175,0.473
left,right,I,i,switch,0.187,0.418,0.608
right,left,I,i,switch,0.072,0.466,0.536
left,left,C,i,switch,0.219,0.269,0.49
left,right,I,c,repeat,0.222,0.367,0.59
right,left,I,i,switch,0.254,0.19,0.436
left,left,C,i,switch,0.259,0.221,0.469
left,left,C,c,repeat,0.206,0.257,0.454
right,right,C,c,switch,0.253,0.225,0.471
left,left,C,c,switch,0.174,0.258,0.421
right,right,C,c,switch,0.237,0.19,0.425
right,left,I,c,repeat,0.273,0.226,0.484
right,left,I,i,repeat,0.119,0.467,0.59
left,left,C,i,switch,0.26,0.285,0.534
right,right,C,c,switch,0.191,0.25,0.437
left,left,C,c,switch,0.055,0.387,0.443
right,right,C,c,switch,0.07,0.284,0.356
right,right,C,c,repeat,0.151,0.306,0.451
right,right,C,c,repeat,0.22,0.201,0.425
left,left,C,c,switch,0.159,0.288,0.44
right,left,I,c,switch,0.204,0.389,0.586
left,right,I,i,switch,0.272,0.303,0.575
right,right,C,i,switch,0.274,0.171,0.439
right,left,I,c,repeat,0.237,0.357,0.593
right,left,I,i,repeat,0.254,0.301,0.559
right,right,C,i,repeat,0.101,0.356,0.454
left,left,C,c,switch,0.222,0.418,0.633
left,right,I,c,repeat,0.254,0.338,0.583
right,left,I,i,switch,0.277,0.218,0.492
left,right,I,i,switch,0.243,0.27,0.507
right,right,C,i,switch,0.241,0.2,0.442
left,left,C,c,switch,0.238,0.171,0.407
left,left,C,c,repeat,0.285,0.156,0.436
right,right,C,c,switch,0.151,0.288,0.438
left,right,I,c,switch,0.126,0.418,0.537
left,left,C,i,repeat,0.309,0.175,0.47
left,right,I,c,repeat,0.19,0.436,0.621
left,right,I,i,repeat,0.201,0.373,0.572
left,left,C,i,repeat,0.203,0.201,0.409
right,right,C,c,switch,0.226,0.174,0.388
right,right,C,c,repeat,0.24,0.218,0.457
right,right,C,c,repeat,0.202,0.208,0.404
left,left,C,c,switch,0.015,0.368,0.367
right,left,I,c,switch,0.269,0.259,0.524
left,left,C,i,switch,0.076,0.307,0.368
left,right,I,c,repeat,0.253,0.334,0.594
left,right,I,i,repeat,0.222,0.273,0.492
left,left,C,i,repeat,0.204,0.223,0.416
left,left,C,c,repeat,0.207,0.209,0.41
left,left,C,c,repeat,0.087,0.292,0.372
right,left,I,c,switch,0.225,0.255,0.477
left,left,C,i,switch,0.241,0.2,0.443
right,right,C,c,switch,0.251,0.208,0.452
right,left,I,c,repeat,0.136,0.384,0.517
right,left,I,i,repeat,0.237,0.269,0.5
left,right,I,i,switch,0.058,0.292,0.341
right,left,I,i,switch,0.225,0.287,0.509
right,left,I,i,repeat,0.008,0.48,0.488
left,left,C,i,switch,0.238,0.208,0.439
right,left,I,c,switch,0.252,0.238,0.487
right,right,C,i,repeat,0.224,0.242,0.451
right,right,C,c,repeat,0.17,0.254,0.426
right,right,C,c,repeat,0.306,0.151,0.453
left,right,I,c,switch,0.252,0.25,0.506
right,right,C,i,switch,0.221,0.223,0.436
right,right,C,c,repeat,0.256,0.169,0.419
right,left,I,c,repeat,0.26,0.202,0.452
left,right,I,i,switch,0.223,0.257,0.477
right,right,C,i,switch,0.259,0.189,0.443
left,right,I,c,switch,0.234,0.216,0.458
left,left,C,i,repeat,0.136,0.324,0.458
left,right,I,c,repeat,0.171,0.39,0.559
right,right,C,i,switch,0.053,0.37,0.424
left,right,I,c,switch,0.239,0.272,0.506
left,left,C,i,repeat,0.076,0.342,0.402
right,right,C,c,switch,0.244,0.222,0.451
left,left,C,c,switch,0.21,0.224,0.419
right,right,C,c,switch,0.119,0.27,0.391
left,right,I,c,switch,0.227,0.169,0.386
right,right,C,i,switch,0.088,0.304,0.387
right,left,I,c,repeat,0.225,0.287,0.502
right,right,C,i,repeat,0.225,0.254,0.467
right,left,I,c,repeat,0.237,0.251,0.485
left,right,I,i,switch,0.277,0.237,0.5
left,left,C,i,repeat,0.238,0.202,0.435
right,left,I,c,switch,0.239,0.24,0.468
left,right,I,i,switch,0.209,0.257,0.457
right,right,C,i,switch,0.203,0.216,0.418
left,right,I,c,switch,0.219,0.256,0.475
left,right,I,i,repeat,0.235,0.208,0.437
right,left,I,i,switch,0.344,0.14,0.475
left,right,I,i,switch,0.276,0.207,0.471
right,left,I,i,switch,0.252,0.287,0.541
left,right,I,i,switch,0.255,0.271,0.525
right,left,I,i,switch,0.268,0.257,0.522
left,left,C,i,switch,0.289,0.157,0.438
left,left,C,c,repeat,0.259,0.208,0.458
left,left,C,c,repeat,0.29,0.171,0.455
right,right,C,c,switch,0.259,0.186,0.439
right,left,I,c,repeat,0.252,0.241,0.49
left,left,C,i,switch,0.252,0.188,0.439
right,left,I,i,switch,0.255,0.283,0.536
right,left,I,i,repeat,0.22,0.304,0.526
right,right,C,i,repeat,0.224,0.241,0.459
right,left,I,c,repeat,0.238,0.253,0.492
left,right,I,i,switch,0.226,0.269,0.486
left,right,I,i,repeat,0.251,0.288,0.543
right,left,I,i,switch,0.185,0.256,0.438
right,left,I,i,repeat,0.285,0.208,0.488
left,left,C,i,switch,0.21,0.222,0.426
left,right,I,c,repeat,0.208,0.309,0.507
right,right,C,i,switch,0.236,0.241,0.475
left,left,C,c,switch,0.235,0.191,0.423
left,left,C,c,repeat,0.239,0.235,0.468
right,right,C,i,switch,0.191,0.27,0.455
right,left,I,c,repeat,0.276,0.375,0.635
left,left,C,i,switch,0.257,0.157,0.408
right,left,I,c,switch,0.271,0.217,0.491
left,right,I,i,switch,0.272,0.256,0.523
right,right,C,i,switch,0.259,0.254,0.506
left,right,I,c,switch,0.292,0.192,0.475
right,left,I,i,switch,0.209,0.353,0.55
right,left,I,i,repeat,0.221,0.401,0.619
right,right,C,i,repeat,0.237,0.189,0.424
right,left,I,c,repeat,0.209,0.386,0.59
left,left,C,i,switch,0.237,0.237,0.473
left,left,C,c,repeat,0.259,0.302,0.555
left,left,C,c,repeat,0.292,0.239,0.521
right,right,C,c,switch,0.235,0.188,0.426
right,right,C,c,repeat,0.276,0.153,0.422
left,right,I,c,switch,0.275,0.236,0.505
left,left,C,i,repeat,0.258,0.222,0.468
right,right,C,c,switch,0.26,0.153,0.405
