id,gender,age,educational_achievement,working_memory,cognitive_control
8332,male,27,4.114907128,-0.533427701,-0.364578259
8834,female,42,8.808475083,2.829810044,1.148259312
6061,female,49,5.140572641,-0.719005674,0.679492004
6992,male,40,4.511714787,-0.717237573,0.410188165
5293,male,52,4.174522922,0.209692246,-1.038377359
3099,female,51,5.448416512,-0.76580617,-0.364201701
2281,male,27,6.847521662,1.12462546,0.612508527
5262,female,19,4.728212625,1.622626719,-0.557723761
3741,male,48,4.412163034,-0.759600611,-1.02808516
5846,female,20,6.756649505,1.477625779,1.289838554
4269,other,39,5.255885113,0.085725221,-1.041509559
3974,male,41,4.971464235,-0.387786949,0.728201321
9029,female,44,4.352996488,-1.231011109,-0.128052466
7008,male,39,6.360230507,0.219102725,-0.056147543
3920,female,21,5.50528218,0.214762836,-0.10029338
5681,male,48,2.404162445,-1.19753385,-2.088220804
1433,other,20,6.558827746,1.051405758,0.286352716
7311,other,41,5.287551657,1.032398189,-0.367084722
3911,male,49,5.726439277,0.701874465,-1.249710112
8709,female,34,5.204673014,-0.073042905,-0.898261697
3744,female,51,4.323942025,-0.469299655,-1.830279309
8546,female,48,5.256877255,0.547011015,-0.671964341
5575,male,49,4.376989164,-1.190519398,-0.611828029
8037,female,22,4.577144234,-0.205043722,-0.231065884
5980,male,18,6.310868908,0.276665401,1.346186097
8596,male,30,5.037928951,0.429263307,-0.661364488
9058,male,30,7.126462584,1.20386632,0.482976706
9122,male,48,2.922627451,-0.661936992,-2.170241031
5301,other,43,3.561095633,-1.902493034,-1.821873265
1886,female,30,9.037469107,1.78168935,1.494364498
3745,female,47,5.241653317,0.093437817,0.148036938
8550,female,39,7.195162463,0.782664648,1.793843899
7045,male,44,3.739106039,-1.38955668,-0.70212634
1581,male,53,4.04428822,-0.738928474,0.060764184
6326,male,24,5.068059293,-0.192538518,0.515994769
9640,female,20,6.577047004,0.02062057,1.182385934
4318,female,37,5.154962069,-0.782037675,-0.640558895
5717,female,31,8.256543833,1.925027649,0.151428509
3922,male,46,5.712565739,-0.013394736,1.691759021
3758,other,20,5.207486831,0.004899386,0.16730444
3543,male,49,3.943718076,-0.711609645,-0.964385842
8812,female,37,5.285259442,-0.77345783,0.570666377
6919,female,42,5.089976255,-0.531372868,-1.001221276
2491,male,24,6.916115709,1.57796257,0.654877984
8588,male,36,3.761419216,-0.224112131,-1.128845207
3677,female,46,3.763531608,-0.612627591,-1.126245038
6938,other,30,5.234775795,0.36407069,-0.296799071
8211,female,50,3.006468501,-1.099022278,-1.259453838
5550,male,35,5.992539751,0.022609591,0.142651556
7619,male,33,6.751347411,1.206490626,0.857121522
4287,female,48,5.531043178,-0.70589607,1.481202918
8153,female,45,3.245896164,-2.123754384,-1.02643212
7982,male,31,6.686653852,0.170542917,1.958102285
1596,female,35,4.040620041,-0.892377296,-0.814568062
4180,female,28,5.59257462,0.399046547,0.163244655
5715,female,53,5.127426912,-0.863799563,0.055348719
8442,female,42,2.574696635,-1.786261349,-1.74693032
1798,other,36,4.871631772,-1.170086629,-0.026534653
3606,male,24,4.877620063,-0.497106447,0.682959003
3995,female,36,7.823797275,0.933578924,1.586852454
9388,female,41,2.739646495,-2.658801371,-0.966012225
5246,other,28,6.163820345,0.813873881,0.47444664
2586,female,41,5.020473705,-0.784636067,-0.122497751
6300,male,51,4.721970977,-0.502399533,-0.568419135
8110,female,49,5.216099454,0.120641386,-0.901832869
7162,female,22,6.009116287,-0.527315375,1.254300138
5496,female,30,7.554722524,1.137997109,1.059995789
6157,female,24,9.480040705,1.800246214,1.378882277
2235,female,51,4.256526937,-1.162790822,-0.652757698
2817,female,48,4.019573139,-0.57360478,-1.3816857
7835,female,44,6.228357884,0.753067325,-0.360725507
2113,female,44,4.714249604,-0.229681336,-0.664245617
6853,female,52,5.199412028,0.916485244,-0.676049612
7485,female,36,7.05975984,0.802985908,1.515612761
9013,male,49,5.104483079,-0.302725781,0.249988379
8935,female,24,5.120100841,-0.223599368,0.063440873
6228,male,39,4.828407549,-0.207618443,-0.694954633
5918,female,20,5.247757602,0.029005422,0.718913315
7044,female,46,5.108015586,-0.032627685,0.731415453
9839,female,22,7.702103213,1.015695447,1.144715498
8977,female,43,3.593456088,-0.984555786,-1.002093718
5142,male,51,6.332297036,0.096743741,0.548308907
2690,female,23,5.571338699,0.345816953,1.168151207
3989,female,41,4.030294166,-0.599118188,-0.575951664
5186,female,42,5.358068069,0.165025725,-1.011604498
3362,female,19,6.637318272,0.978874738,1.270636708
6750,male,35,5.400670105,0.07801251,0.107626017
5254,male,19,6.123238097,0.31601712,-0.129079492
9500,male,39,3.79299244,-0.049654446,-0.575966649
8146,female,44,6.019346394,0.742754738,-1.084329543
6814,male,35,5.211327194,-0.999302102,0.544287163
4678,male,41,3.861498304,-0.992952527,-0.428603094
8619,other,46,6.440293004,0.429041356,0.396191626
1623,female,23,4.725150472,-1.015547713,-0.353797177
7514,female,24,4.957561288,-0.629683626,0.738915445
9302,female,31,3.429211259,-1.229466577,-2.435535544
9745,female,20,6.193867802,-0.2681499,1.73136818
8700,male,39,6.186091449,1.129375159,0.555051357
8962,male,31,5.524627057,-0.326856241,-0.065156346
9850,female,51,5.15280477,-1.08405416,0.476398677
5522,male,33,3.643325278,-1.689189479,0.446503972
5102,male,44,4.529206682,0.25378055,-1.635203342
9658,male,29,2.886179878,-0.790580697,-1.412411501
2533,female,50,5.969208275,0.14491955,0.279726266
3089,male,20,6.27411203,0.822364147,0.612517235
7569,female,52,3.916709513,-1.03820063,-1.288593886
2564,male,25,6.912579648,-0.101803512,1.313896329
9627,male,24,7.367599191,1.863754385,1.873451409
9169,male,25,7.001469863,1.406286733,0.200375552
8655,female,29,5.066333856,0.010820535,-0.872391275
3446,male,36,5.75947342,0.778602649,-0.184877921
3455,female,30,4.545301768,-0.805449979,-0.361838446
2873,male,44,6.476074831,1.756120531,0.087903355
1413,male,38,5.085267345,0.224231381,-0.849456393
1409,female,38,6.063770368,-0.052432664,0.991876749
3387,male,35,8.033492824,2.209464366,0.378467882
8022,male,22,8.79950885,1.118063372,2.519069231
5020,male,30,3.704340728,-2.134596886,-0.264412417
6735,female,27,4.560685849,-0.123930611,-1.25643429
8677,female,49,3.459298505,-1.49478896,-1.332105964
2348,female,24,5.96685673,1.217859641,-0.161433333
8527,male,27,4.57158801,-0.543584163,-0.659673242
1671,female,25,7.603201422,2.351084616,1.103592659
6300,female,19,7.064091108,0.746843506,0.378051452
2213,male,31,2.71484667,-1.531564304,-1.634818575
5376,other,33,8.455768489,1.430390417,1.119775921
6366,male,23,5.725876292,0.102943414,-0.488175261
4546,male,52,2.802548352,-1.231143925,-2.211023948
8600,male,42,6.446693663,0.784753791,-0.391961443
7784,male,49,6.168747911,1.094733541,0.217729024
6586,female,23,6.18345231,0.026840915,0.760360205
2574,female,37,7.852569664,1.949729011,0.982330299
4235,other,40,6.702711557,-0.216667686,0.905589511
4689,female,37,4.427431504,-0.638662539,0.184673587
9807,male,37,3.46151926,-1.966480738,-1.092818426
2153,male,19,6.333910183,0.553176751,1.084979598
1535,male,29,4.558770962,-0.318545235,-0.123420937
9410,female,45,6.759467366,0.767437535,1.190792004
1585,female,48,4.102625673,-0.406169989,-1.323285722
9472,female,39,6.476999318,-0.523516953,1.371422039
6799,male,28,6.543769551,0.159385336,2.036765078
7288,female,33,4.034488059,-0.004688501,-1.935579391
1461,female,21,4.202912467,-0.216659878,-0.973098954
1914,female,22,7.123511875,0.357398475,0.899763285
8372,male,33,5.435293349,0.07657387,-0.967736527
4519,other,20,3.841600306,-0.324585218,-0.413517964
3298,female,32,4.934472244,-0.18575734,-0.21077176
5980,female,41,4.948542429,0.562919721,-0.074614778
6241,female,41,4.581679141,-1.311734228,0.041161754
9855,female,48,5.07720928,0.11510816,0.057495187
2722,male,27,4.656542467,-0.32079617,-0.976651175
3561,other,51,2.268037691,-2.213436779,-1.137714276
9122,male,29,7.907182387,1.935676451,0.310217453
8032,female,21,6.013008164,1.706876483,-0.388312647
8674,female,28,5.958061143,0.18985944,0.964123312
8287,male,44,2.561849613,-1.353756109,-1.463754915
6683,female,52,5.150895604,-1.0828146,-0.178557037
3482,female,51,3.385490312,-1.586554739,-0.699674536
4503,female,30,5.096997823,0.106160068,-0.410558385
5543,male,34,7.380525842,0.164661163,1.446482623
1671,male,40,5.299312165,0.636176249,-0.852533277
6940,female,47,3.869106243,-1.46607639,-1.549587266
5526,female,25,7.210084148,0.890788021,2.271037862
3354,female,39,3.752253249,-1.929846883,-0.127391468
7650,other,31,7.198250415,1.119459193,0.815482432
7833,other,22,5.59002564,-0.71566017,0.220460297
2427,female,20,8.171489537,1.657327944,2.209853788
7575,male,22,6.481849797,0.935415112,1.041053012
2406,male,37,4.583542818,-0.842128147,-0.475368352
8127,female,20,1,-2.681627721,-2.240587453
5553,male,42,4.28451118,-0.093818971,-1.661711026
8085,male,34,7.362770273,1.01922508,0.497127268
8734,female,46,4.697843002,-0.027173677,-0.663805197
5458,other,45,5.094622532,0.651631231,-0.915025664
6389,male,29,4.463583796,-1.720893195,0.334555648
3967,male,39,4.064597023,-0.898772521,-0.279600511
3169,female,25,7.113594343,1.252537587,1.320760125
5070,male,41,7.52161232,1.955732549,0.52363628
9571,male,26,8.681182287,2.166194134,1.381150665
1802,female,40,5.015138431,0.658557076,-0.945005078
5625,female,29,4.668131945,-1.466096627,0.260830236
1792,male,48,4.11353248,-0.716448743,-0.588314891
9003,female,30,6.17020564,0.738672271,-0.41865503
8201,male,30,7.466635423,2.107754414,1.287619968
6601,female,20,6.302275875,-0.156585536,1.506207918
7940,female,20,5.624731714,-1.328751079,-0.097331353
3464,male,48,4.92059047,0.656098344,-0.35358098
8878,female,38,4.689893526,-0.776078483,-1.529462886
4126,female,21,6.027088001,1.6244583,-1.244544633
3300,other,24,6.401774449,1.245557834,0.430220182
2738,other,26,3.751330689,-0.332121806,-1.384931705
4546,male,27,5.991783922,1.041919182,-0.725789166
1536,female,22,5.961184939,0.525480321,0.656251069
3017,male,19,7.09360892,0.237567087,2.031340916
3930,female,53,3.864871354,-0.662617416,-1.132067029
5751,female,22,7.015018023,1.110341853,1.547650179
6437,female,30,4.462280062,-0.416698957,-0.954702488
3397,female,38,3.171652421,-1.474474953,-0.598855192
9003,other,51,4.765148471,0.071516504,0.047054468
1722,female,24,7.131228673,1.08814932,1.41017913
5105,female,25,4.432199684,-0.205933389,-0.526606527
6656,female,45,5.419175879,0.201943718,-0.283981651
3349,male,36,4.57308613,-0.866974238,-0.935661213
5445,male,32,5.870934168,0.207831846,-0.305915454
2447,female,51,4.35977338,0.086126707,-0.697188844
9461,female,25,7.409237717,0.707798496,1.776259189
8709,other,32,7.416375698,0.963928682,0.208100843
8308,other,43,3.212890246,-1.705075098,-1.227502795
9829,female,32,6.218777777,0.463590477,0.6628693
5713,female,42,6.245353233,-0.503963616,0.46004174
1906,other,32,5.123239258,-0.591124224,0.028584759
1960,male,52,2.914155071,-0.508499581,-1.758999764
9577,female,50,4.813056603,0.937722922,-0.768609836
9529,female,34,6.303605953,0.370828568,0.242856563
4494,female,36,4.149381264,-1.767858907,-0.136184038
2422,female,27,4.521699578,-0.280495241,0.022045101
2657,female,31,5.752440631,-0.088399694,-0.478097231
7905,female,35,7.811363169,0.983182435,2.020162935
3935,male,23,4.514472679,0.820109044,-1.198203765
7171,male,52,7.134550445,1.235063812,0.504944913
1858,male,22,4.135032305,-0.430093703,-0.776960274
5147,male,26,2.161699075,-1.526977785,-1.350188867
2307,female,37,5.519655736,0.932050383,0.055475559
1985,female,28,7.697366396,1.930375254,-0.293066369
1686,male,52,2.282350711,-1.596567731,-1.37629588
7805,male,48,4.854513153,-0.292892594,-0.052218991
4025,male,40,6.611655398,0.095043713,0.576253768
1771,female,31,4.665963634,0.044903223,-1.125379282
2378,female,28,4.359066121,-0.481086446,-0.655467183
7698,female,18,5.027921934,-0.285303466,-0.303951293
7408,other,24,4.464151882,-0.754024091,0.47865585
5733,female,35,4.001337127,-0.929063993,-0.782697561
3502,female,44,5.19543964,-0.045597358,0.659251796
1934,female,51,3.48373798,-0.951452561,-0.642266884
5749,female,27,5.911016495,0.805171995,-1.512039933
3852,female,23,5.69516256,0.240267695,0.2107175
9235,female,37,5.565539135,0.031203857,0.355456288
9022,female,35,4.250986215,-0.031200308,0.022702722
3297,male,39,5.531796008,-0.305484075,0.357998095
3004,female,40,7.312486489,2.356000367,0.338391547
8216,male,22,5.711456023,0.200390968,0.116919489
7501,other,51,5.150326535,-0.407009449,-0.156244316
5223,male,39,4.133029336,-0.911305761,-0.767242314
7580,female,30,6.770385196,1.155293743,0.834385393
3133,other,30,5.133150142,0.481768055,-0.568194976
4886,male,39,4.017962963,-1.447310016,-0.783583292
1435,male,43,6.046421969,0.436610195,0.434831056
4217,female,39,4.326869006,-0.458521129,-0.089602169
4510,female,41,4.85123733,0.558439867,-0.513916529
7744,female,45,3.768129487,-1.46892856,-1.092479449
3835,female,21,4.762651339,-0.690358806,-0.86405944
6868,male,33,6.752290257,0.483702059,1.225486877
3733,female,24,5.911954665,0.502291358,-0.460849508
3297,female,51,4.148531408,0.624899904,-1.267814283
5133,other,51,5.512388118,-0.717413664,-1.226568624
7749,male,51,4.885659158,-0.129470126,-0.652475103
3484,female,52,5.845082617,-1.979763229,1.80744323
4324,female,38,6.760384908,0.44715147,0.28124331
7265,male,49,6.271186457,0.86970789,0.114697693
7047,female,48,3.18348184,-0.542425399,-1.32057616
1528,male,40,4.875681067,-1.853552313,0.151901472
4734,female,51,4.674778478,-1.397385831,0.345223162
5132,male,39,3.364797581,-0.575154881,-1.97613948
6178,female,29,5.736059043,0.579079149,0.635708722
6169,female,25,4.035560447,-0.166832683,-0.508717463
3247,male,44,3.919664425,-0.234663921,0.137625269
1576,male,33,7.699048986,1.593319694,1.464431943
4772,female,23,7.092858067,0.812772591,0.812074483
9635,female,37,4.554085497,-0.504946411,-0.647484146
3675,female,19,5.002375138,-1.052436846,0.628261542
7755,female,34,4.541975258,-1.782032932,-0.514884789
6517,female,45,3.217996611,-0.448864065,-1.791315026
2453,male,49,5.926733945,0.140011615,0.781418232
4759,female,23,6.18216593,1.041624215,0.253619069
6192,female,29,5.338730873,1.413520383,-1.702974618
1978,other,25,5.45316142,-0.066661589,-0.58043885
3298,female,33,6.309736547,0.394691105,0.429852419
5685,male,52,4.313958047,-0.206764372,-0.080204684
9316,female,39,4.481438453,-0.472894715,-0.84734642
4595,female,49,4.300076798,-1.548101274,-0.904708867
4217,female,21,6.131097188,-0.142463021,1.01626171
7590,female,51,6.861464538,0.547054249,0.684609999
3298,female,33,5.719449031,0.490548344,0.38009706
4792,female,38,5.254427662,-0.845971294,1.146609473
4179,female,46,3.135586417,-2.350873165,-0.19124371
2592,female,38,4.346038637,-0.291260216,-0.250055813
6148,female,40,7.293416802,1.829172406,0.486608514
7273,female,46,5.377814129,0.310739356,-0.705873325
9499,male,49,5.087415835,0.308197448,0.773228375
4276,female,34,3.38687635,-0.889733861,-0.227813725
7472,female,52,5.366988018,0.107891392,0.593341621
7493,female,44,6.392055047,0.683895098,1.073803837
8731,female,26,7.604829075,0.962150469,0.934688242
2280,female,33,5.665714142,-0.03374421,0.846769636
4545,male,27,7.010627825,-0.324781695,2.27844453
8696,female,27,5.376128724,0.576389788,0.391943544
6715,female,30,8.60856034,3.100750788,0.876392254
7573,female,47,5.842769541,0.622884964,-0.360043386
2403,female,35,4.568737023,-0.159442341,-0.517507441
5506,male,48,4.567169181,0.486297489,-1.968849469
8764,male,35,4.667039922,-1.531574409,0.248484839
3193,female,20,5.480192895,0.871977159,-0.305443436
8330,female,34,5.591196478,-0.280341865,-0.105886646
6568,female,26,5.98125337,7.06E-04,0.836189591
6535,female,30,6.885436423,1.595151981,0.38952856
7810,female,23,6.129496192,-0.304060406,0.98026398
9368,male,43,2.627854234,-0.952913837,-1.437577511
2598,male,52,5.34549345,-0.574142314,-0.07674314
7008,male,27,9.139647136,2.794227569,1.290548874
7215,female,52,4.636556237,-0.347765642,-0.618418316
4146,female,51,3.991806783,-0.517975094,-1.385871879
7108,male,36,6.050131263,0.757634086,-0.488269414
7883,female,24,7.185521697,-0.525420024,2.044327636
6132,male,38,4.098987056,-0.527470215,-0.942298815
8145,female,25,5.397922835,-1.003257922,-0.789453385
2593,male,44,6.187727439,1.190730063,0.53837294
3220,other,38,7.059180683,0.657908122,1.92074861
1888,female,41,6.588193569,0.536862858,0.745691914
7909,female,52,5.833049969,1.413882014,-0.742152127
3472,female,22,5.84952588,-0.185297236,0.906851127
6255,female,35,4.92714149,-1.230070104,-1.038739871
4747,male,21,5.410430673,-0.048205114,0.177380066
3007,male,42,2.368048954,-1.374193029,-1.651039739
9725,female,18,4.832896287,0.400654099,-0.732177237
1839,female,26,6.037821171,-0.061444751,1.136700145
3899,male,22,4.262174594,-0.332642304,-0.26254065
6700,female,44,4.332200883,0.005785945,-1.016572267
5264,other,40,6.472726286,0.778431371,0.735258244
4693,male,46,2.919014205,-1.216739247,-2.396158368
1929,female,41,6.048965223,0.767210402,0.865110622
8198,male,48,4.378590253,-0.726610968,-0.661573489
2009,male,39,5.629198613,-0.251020531,-0.328951245
5993,female,43,5.01799177,-1.271047201,0.339937686
8685,female,35,6.128484678,-0.391022963,0.686734349
7155,female,24,5.864937727,-0.567782757,1.15083084
3743,female,31,2.361850477,-1.363033388,-2.638051279
6383,other,46,3.6500158,-1.648390455,-0.909015044
9225,other,36,5.650741667,-0.391451495,-0.594332722
9835,other,38,3.821346072,-0.957333263,-1.394979695
4372,male,45,7.188432647,1.617280428,0.074194556
1520,other,35,5.122133315,0.020481971,-0.148161596
2418,male,46,3.346726489,-0.826695981,-1.470114904
3639,female,51,4.576833798,-0.645773045,-0.172693337
7545,male,27,4.277400794,-0.491410389,-0.752934414
9120,female,35,5.175822531,0.151296503,0.128522825
7406,other,33,4.983404624,-0.6584838,-0.363360764
5854,female,51,4.335335515,-0.633857823,-0.965118512
5133,male,37,4.952756735,-0.354257098,0.83617944
2097,male,37,5.819803752,0.165775336,0.116455921
9454,male,26,5.810188834,1.027810535,-1.211750497
2475,female,19,5.487123206,0.139414458,0.301216824
3678,female,33,7.495303283,1.841598002,1.10903891
7876,female,40,4.860273308,-0.116937131,-0.064325362
1742,female,36,8.242543681,1.764936069,1.379867251
7254,female,44,5.6410283,-0.062603815,0.042530237
5064,female,34,4.785888557,-0.211099866,-0.672391219
5082,female,27,6.897304049,1.117224522,1.84958334
7189,female,37,3.867935799,-1.066479758,-1.379902856
7238,female,49,5.938530444,-0.367404734,0.395430497
1651,other,46,5.709519604,1.048335634,-1.010979911
8489,male,38,4.53897712,-0.909162777,0.674961877
7120,male,49,5.328136962,0.180420358,0.239748488
8225,other,24,5.703663992,0.71918081,-0.278996905
1372,male,25,3.955927058,-0.946573604,0.332606395
7644,female,39,5.587860044,0.298101261,0.286137286
5329,female,46,4.72615158,0.449207334,-1.042768099
2478,female,21,5.461063693,-0.416734227,0.060758341
6077,female,36,3.490617035,-1.715368578,-0.893389242
4501,female,35,6.258453148,0.504783043,-0.672507067
5249,female,48,2.574985239,-2.401313783,-0.92244578
1372,male,22,4.343505295,0.31681302,-1.024995159
2607,other,37,4.131819978,-0.038676288,-1.08307524
4176,male,45,7.250522884,0.761787957,1.095928925
3854,other,34,4.642407383,0.084498877,-1.291182793
8873,female,44,5.404508446,0.929842845,-0.314105942
3121,female,20,7.342341133,1.718624866,0.583140385
7452,female,21,4.55678797,-0.847801403,-0.81111484
9327,other,42,4.499750921,-1.35875389,0.302638732
9764,male,40,5.952623741,1.513485686,-0.181852039
9751,female,52,2.054702307,-1.5421952,-2.157783877
1757,female,37,5.051239715,0.263451574,-0.931517937
8496,female,33,5.148431104,-0.132751896,0.631543839
6701,female,29,6.944368748,-0.298314991,0.891661967
8781,male,51,5.741747563,0.070612445,1.397641263
3128,other,37,4.050761816,-0.600949785,0.646859069
2439,female,52,1.848306391,-2.35856758,-1.318859672
5253,male,23,5.750599663,0.004979992,0.049329533
4083,female,39,4.518965156,-1.008257594,-0.243568705
5610,female,36,3.990812994,-0.504044717,-1.268021685
2217,female,35,4.650998438,-0.220689188,-1.365943366
9496,female,32,5.7251768,0.310410984,0.346825397
4225,male,23,2.280525019,-1.964866414,-1.378022667
7717,male,19,4.960684732,-0.910518209,0.026235988
7656,female,36,3.363487003,-0.345291298,-1.549330281
4976,male,27,3.971058957,-0.183193638,-0.321640399
4289,male,30,6.058366328,0.876920567,0.091939199
4702,female,49,4.424243555,0.242831006,-1.107296042
1398,male,37,3.758475146,-1.635008801,-1.033856739
6781,female,27,3.561131826,-1.837054562,-0.871818339
9177,other,32,6.53429065,0.148108058,1.784063669
7619,female,43,3.977338853,0.133558136,-0.518020351
6703,female,48,7.253887787,0.809136799,0.791571445
8662,female,36,4.141020519,-0.559836203,-0.540494236
4698,female,32,3.580743908,-2.200129747,-0.100457516
2498,male,31,5.525897518,-0.285326866,0.544091081
8647,female,41,5.041473895,-0.263382425,-0.881861405
2420,male,42,5.030198,0.127070014,-0.478495309
5251,female,44,6.623863902,1.10623284,0.117851954
5724,male,47,2.184401974,-1.915197708,-1.856195637
2592,other,34,6.207656147,-0.274745164,0.999968512
1542,female,20,6.713420039,0.556886476,0.457704219
7937,other,28,6.606476839,1.614376013,-1.056031429
6840,female,28,5.764749861,0.27090274,0.203855943
6182,female,35,4.436837986,0.224409836,-0.223879604
5737,female,19,8.76349375,1.948429149,0.941642398
3166,male,42,6.965122344,1.326988708,1.239886204
2231,female,25,5.109155347,0.099370514,-0.038511423
6751,other,37,5.217955935,0.294055383,1.036046262
9343,female,45,5.302032358,-0.455073444,-0.063560498
5070,male,51,4.167287052,-0.114378385,-0.924645369
4966,female,18,7.304218112,1.767232254,0.611554089
8805,female,31,3.734322424,-2.039307747,0.09608301
7793,male,24,7.48115716,1.710692004,0.677866638
2011,female,25,3.586055931,-0.860707934,-0.686563369
8515,female,52,4.277662236,-0.595560782,-1.600506935
7351,female,29,5.908409018,0.477436111,0.425755926
8892,male,29,5.744020066,-0.188930826,-0.00440014
4335,female,36,2.839197939,-1.501814794,-1.209161026
5611,female,49,8.841942911,2.948384477,-0.326427682
4739,female,51,3.04385699,-1.116807225,-1.671412623
6179,male,51,3.425018148,-1.407010682,-0.213450194
7235,female,24,5.600197207,-0.397624226,0.03058664
8052,female,27,3.787045195,-0.783168735,-0.66946264
2760,other,40,4.654658335,-0.374028291,-0.068239684
9689,male,29,2.368814767,-1.994231168,-2.368445693
8856,female,42,1.299158489,-2.147937215,-2.478329748
6393,female,25,4.445887924,-0.242897984,0.032336269
3153,female,22,6.758020263,1.649288706,0.385920591
2875,male,44,5.742195265,0.458357219,-0.062620806
4559,female,37,5.592257813,-0.382031227,1.113739406
9708,male,20,4.525937572,-0.968890273,0.614218225
1728,female,37,4.512659548,-0.81266928,0.403762186
7496,female,30,3.826889063,0.687532744,-1.777194533
2663,male,21,6.345817751,1.155128004,0.716934823
5058,female,23,6.505109628,0.82682199,0.328394802
8627,female,30,4.730256766,-0.393794543,-0.184715725
6017,female,40,5.961511873,0.154621367,-0.661144822
5857,female,48,4.127673473,-1.091095335,-0.972077083
3964,other,23,8.291974286,1.382088361,1.552642424
5844,male,44,5.767088608,0.4667638,-1.001733468
1855,male,21,6.304005422,-0.204389261,1.128999949
4150,male,42,5.991349027,-0.263816123,0.41599884
8099,female,41,4.510854519,-0.971862754,0.062789764
3180,male,41,4.973701006,1.074912901,-1.253027046
7219,female,37,3.083229138,-0.675890037,-1.031286156
8318,female,25,6.751145996,1.441197587,0.949316586
5307,other,34,6.522768923,-1.061265449,1.763570654
8331,male,53,5.777968662,1.455589746,-0.078385567
5783,female,21,6.060612193,-1.741235481,2.03033934
3776,male,21,6.436669636,0.161288046,1.659088599
4918,female,50,3.922216832,-0.32824422,-1.373460113
3187,male,44,6.152061912,0.331468964,0.49206383
8625,female,23,5.668199738,0.599848685,-0.984501298
4594,male,27,4.008181825,-0.99220336,-1.238881192
2685,male,38,2.714278903,-2.731939842,-0.841004203
8459,male,31,5.544471588,1.096403616,-0.293033129
2290,other,38,4.069761864,-0.848953096,-1.728398539
8469,female,44,3.896624826,-0.253927218,-0.945698875
5125,female,42,3.34478479,-0.975236569,-0.653447886
5028,female,32,5.074817668,-0.05510296,-0.755050389
1374,female,25,7.816162633,1.23937497,1.931017955
8358,male,44,2.826637591,-1.585182443,-1.603112139
4901,other,27,7.233759287,2.60752531,0.591901626
6965,other,31,5.146710352,0.526685325,-0.374632488
7779,male,27,6.919947794,0.139967492,0.421758496
4149,female,40,4.871530668,-0.507156721,-0.569812407
6727,female,33,5.948911721,0.568376812,0.16736708
4866,female,48,4.276419059,-0.415438023,-1.043643482
9382,male,18,6.890914065,-0.318277682,2.457236415
8856,male,40,3.554300346,-0.769440194,-1.711567798
4807,female,29,3.913936116,-0.350214168,-0.600742354
2194,male,48,3.2194204,-0.724670621,-0.931677551
7991,male,50,4.836973298,-0.02182641,-0.53963014
8256,female,39,6.217880311,0.114644833,0.183763987
1723,female,18,5.171231023,0.550896633,-0.769907697
3307,male,29,7.12305328,1.047299187,2.832317543
4830,male,24,3.16521869,-1.803947608,-0.269026231
8604,male,23,7.358467377,0.86369633,1.677268724
1970,female,33,4.751382103,0.763679651,-0.027407295
1844,male,20,2.569963233,-1.483881395,-1.783806692
2332,male,29,6.401185343,-0.003294185,1.173274395
8021,male,40,4.226260885,-0.399164649,-1.613027692
7936,female,49,4.18626066,-1.451329588,0.723897499
6231,female,43,4.768278087,-0.659824563,0.859685861
6877,female,38,5.541976985,-0.414676564,0.815542501
1940,female,28,4.514813245,0.123037157,-1.034763316
4015,male,24,7.971210694,1.478212113,2.398168299
2173,male,18,5.264659517,-0.214505817,1.356910079
8630,male,21,5.346787625,-0.122453707,0.678949483
5902,male,33,6.298958885,-0.254725198,1.656024855
4752,male,27,6.92694931,1.589288122,0.327108523
9337,male,25,2.884842499,-0.385153121,-0.810478288
5357,female,52,4.292482943,-1.381391151,-0.525878264
7376,male,22,3.675429415,-0.60863662,-1.1663734
3673,male,36,7.602723448,1.154112447,1.663054765
8750,female,50,5.40687952,-0.385619774,0.485435726
4278,female,43,6.025647042,0.605550567,0.670637153
7912,other,52,5.516881068,0.465554098,-0.732494871
6231,female,42,4.91595533,0.007846243,0.079697991
5463,male,21,4.366134629,-0.527805975,-0.675580688
4718,female,51,4.622885767,-0.519339833,-0.322585269
2847,male,52,5.446258958,1.385673225,-0.376186045
4714,male,37,3.345662587,0.313089651,-2.15741503
8022,male,47,4.456342285,0.104672526,-1.759124454
9802,female,29,4.490798495,-1.864733367,1.777131603
7054,female,29,6.201801633,1.398156996,-0.176164334
3547,male,38,6.566854789,0.619315906,-0.182570179
2218,other,25,5.714477753,0.291795283,0.844459475
2840,female,51,5.697673673,0.173814859,0.671968926
7219,female,21,5.977766492,-0.310841949,1.517470032
4324,female,24,9.032099161,2.160653867,1.982059338
2245,female,39,4.392506956,-0.412996884,-0.115898386
8005,male,48,4.913302866,-0.860589192,-0.639191153
1984,female,30,4.907073126,-0.948730332,-0.138685776
1533,female,26,6.563477933,1.231148192,1.454497918
5223,male,36,3.893889724,-1.008776024,-0.77527267
4577,other,26,5.197153068,0.147904414,-0.153045283
3072,male,40,5.616587441,-0.677901196,0.895653195
2263,female,27,5.277668088,0.306821971,-0.839169271
1980,female,21,7.747181819,1.900579025,0.539038164
2017,female,32,5.028811261,0.103681483,0.626584989
1522,male,37,4.322596311,-1.170451156,0.462181381
1728,male,19,6.007738772,1.237159443,0.045752048
3523,female,43,5.632198224,-0.009026687,0.773253753
8959,male,37,5.433709739,0.295007973,-0.518836156
8923,other,37,8.63228716,2.032511897,1.402434679
8936,male,23,9.112303232,2.828421128,1.694471023
9604,male,26,6.528616001,0.487047998,1.123187091
6737,female,25,6.096685337,0.437299115,0.932853619
3500,male,39,3.26593229,-1.452660553,-1.011581739
8723,female,37,7.235983018,1.313871224,1.014443857
5927,female,29,5.430870821,-0.370542626,0.041625026
9229,male,51,3.653626435,-0.154159153,-1.008167094
7551,male,36,6.001705334,-0.432492524,0.809813654
5033,male,28,7.069976526,0.141608431,1.461383645
3182,female,46,4.687513109,-0.69677388,-0.823141707
4562,male,19,7.762971896,0.509727951,1.34201069
7499,other,29,6.62715516,0.43579284,0.102915967
6030,female,18,6.503083259,0.237340067,1.254756731
7279,male,20,3.87940416,-0.341072378,-0.79403913
4661,male,48,3.731436549,-1.245606678,-0.792971404
4864,female,20,6.669153666,1.103233006,1.001140684
2021,female,23,1.906449772,-1.406050826,-2.34896312
8837,male,26,6.052175704,-0.073271847,0.984199833
3085,female,41,6.129220495,0.086887346,1.295410417
3410,female,50,3.945884555,-0.982391885,-1.122264002
3601,female,40,5.458896587,0.013745288,-0.08793546
7339,male,29,6.576118121,0.602036348,1.113133738
6536,other,27,7.483778426,1.623973515,0.708279811
2948,female,32,5.951395447,0.091110441,0.39860368
2888,male,33,3.419365528,-1.046696305,-1.559024381
2621,male,43,4.125207504,-1.577516488,-0.851524947
7879,female,45,5.675376166,-0.149266137,-0.455959529
5172,male,32,5.766431842,0.637828798,0.143891175
2671,other,52,4.480342452,-1.420220312,-0.536926321
7533,female,23,6.06104319,-0.232058938,0.723477661
8604,male,50,6.5973806,0.240438536,0.484698639
9401,female,24,7.119104601,0.908402562,1.106448691
4685,male,38,6.297703726,0.485478998,0.795003682
2463,other,42,6.034909564,1.547827773,-0.358083597
3529,male,40,4.907244609,0.297781961,-0.783167926
4347,male,22,6.673773115,1.096434233,1.074598391
6788,male,44,5.959498472,-0.187135678,1.060344787
5856,male,48,3.656586553,-0.46767317,-0.64046597
4122,female,41,4.439645579,-0.98647386,0.822410455
4423,female,25,4.721026538,-1.132949989,-0.386194069
5074,other,23,5.174063649,-0.999640832,0.926969032
6163,female,19,8.346812786,2.067220536,1.861287075
3898,female,23,5.303838825,0.160897501,-0.675679229
6144,female,39,5.220200653,0.091217624,0.092106026
3638,male,42,4.253269068,-0.722474478,-0.676212186
2050,female,26,6.489791156,-0.050846269,0.472609813
3552,female,48,2.481084514,-1.325661693,-2.266659231
8330,female,50,6.091661131,0.550252861,-0.211027952
4919,female,42,4.067486082,-1.588359368,-1.002785191
7155,female,35,3.793862135,-1.045333752,-1.203011449
5422,female,40,4.863247462,-0.944050431,0.237735391
8132,female,48,5.133417863,-1.018011825,0.598618695
2887,female,29,4.275441221,-1.03948906,-1.211351641
2477,female,35,4.608767465,-0.509936579,-0.951853706
5005,male,39,6.00319031,1.034485764,-0.056635107
8267,male,21,4.390978726,-0.568773899,0.183463499
4552,female,41,6.610148393,0.826913054,0.883478524
5603,male,21,7.231542516,0.877983563,1.311673489
9486,male,31,4.89906702,-0.613279767,-0.749642176
7493,female,42,6.464082579,1.09026072,0.644601005
8782,other,25,6.605571741,0.526548641,1.567685752
6036,female,43,5.593800625,-0.059328408,-0.50504441
7998,male,29,5.950124755,0.622666745,0.979695304
5439,male,52,6.366890048,0.450286294,0.174843132
3194,female,18,6.80887246,0.052601975,1.090586513
6556,female,48,5.010756233,-0.729275406,0.906089936
5802,other,24,5.726654806,-0.87641092,0.236631952
8119,male,53,3.021486165,-1.658986052,-1.41645227
9367,female,19,4.920061014,0.640153617,-0.557553816
7493,male,33,7.48526288,1.980114573,0.484162825
5047,male,37,5.933602846,0.987520277,0.600206329
5076,female,28,5.912583307,0.45921909,1.443306274
6940,other,42,4.668526201,0.224432638,-0.862497158
6185,female,49,4.474455757,-0.614623121,-0.406597762
1614,female,26,7.917044351,1.3440727,1.646641422
5669,female,29,8.398540767,0.4777207,2.807808877
7773,other,24,7.344600622,1.214004054,1.563358166
4248,female,32,4.775953754,-0.877565073,-0.401918788
9781,female,51,5.803950134,-0.435139172,1.101578327
7816,male,31,4.809987589,-0.107016617,-0.703427094
8899,male,20,8.516795896,2.17865204,1.06799044
6016,other,25,6.302224718,0.916688515,0.507033965
4172,male,29,7.63185832,0.853981925,2.564332167
6103,female,22,4.693580185,-0.386250228,-1.131495578
8159,male,40,4.744233812,-0.43823355,-0.424585925
8999,male,42,4.715195748,-0.759294364,0.807280646
7222,male,49,3.431418422,-0.746485973,-1.054446286
4534,male,23,8.798780364,2.077742987,1.81639651
1939,male,36,5.442785319,-0.37711808,0.278074489
8488,other,36,7.234995181,0.790926053,1.09121081
3884,other,46,4.368451577,-0.008394617,-0.176246637
8481,female,29,5.85846913,-0.683243481,-0.494843609
6774,female,46,2.732554495,-1.512894897,-1.400438539
2384,female,29,3.97780885,-1.109566201,-1.2237402
3747,female,50,5.561134789,0.218802312,-0.139910907
8318,male,49,4.675492845,-0.761909991,-0.021655224
7463,male,45,3.858939361,-0.927192994,-0.979700606
8652,female,26,6.706464001,1.602272858,0.581381418
8408,female,25,5.916681,0.163639597,0.860809221
4768,female,23,6.454678216,0.307195491,0.657018
2227,other,26,5.04608491,0.501106593,-0.176645591
2011,female,47,5.051044519,-0.317260561,-0.781707831
4731,female,22,5.532276722,0.633276329,0.142697637
8817,female,46,5.435441594,-0.230423755,-0.067883033
5465,female,48,3.865752228,-0.420530396,-0.848940948
6054,female,41,4.575052035,-0.746216228,0.09555669
8960,female,31,4.667491618,0.231492735,-0.589715431
7599,female,47,5.538099928,1.161609196,-0.019606537
2540,female,25,6.042507498,-0.8095677,1.022661916
5716,female,20,5.713132686,0.740565012,-0.487694391
5653,male,49,5.764722147,0.244580755,-0.531755137
9692,male,33,5.608929953,0.202072238,0.392219508
2677,male,51,4.496551288,-0.277387684,-1.088845968
3189,male,43,5.074255775,0.257413614,-0.734910608
8698,male,51,4.753074745,0.811403556,-1.085384369
2565,female,48,6.596176522,-0.022107753,2.165242352
1583,female,26,6.754423509,0.961990784,1.268545303
8647,male,44,3.691366281,-1.325599149,-0.414569886
4868,female,32,6.305431329,0.167134598,1.061237635
3386,female,30,4.026312862,-1.353592173,0.181322021
8022,female,35,5.380089608,-1.112944966,1.117430615
8508,male,26,6.627920861,1.219713138,0.297690672
2473,male,31,5.589813947,0.986512294,0.148208931
4379,male,19,8.75129082,1.555553561,2.976506858
4473,male,50,4.566780416,-1.132348775,0.211236388
8890,female,28,6.514822137,1.237015096,0.351628249
2994,other,41,4.698164888,0.356678802,-0.828258052
7044,other,29,6.994704441,0.551569989,0.862799889
5482,female,43,4.869100691,-1.262056106,0.157817405
4853,other,22,5.408993566,0.405319126,-0.367420687
2479,male,28,4.577712931,-0.508624972,-0.384838849
1621,female,18,3.927562479,-1.549749324,-0.448787686
7639,female,53,3.599222168,-0.979507263,-0.368160025
5735,male,40,4.127376255,-0.219639274,-1.607134694
6098,female,36,4.586048839,-1.134527464,-0.566834295
8612,male,51,4.166722251,-0.931290593,-0.860511579
7953,male,30,6.372012381,0.247843142,0.286407924
3678,female,28,8.355294614,2.073179086,1.380095329
8302,female,35,4.876576285,-0.350071608,-0.906940552
8960,female,39,7.38807799,1.366183114,1.157388808
8773,female,34,3.986291881,-1.229544834,-0.31635297
2757,male,45,6.612044121,0.743865126,0.196549505
3514,male,36,3.694857914,-1.086151832,-1.231617227
6157,male,23,3.11175292,-1.486307134,-0.613384116
7461,female,46,3.68108575,-2.04584873,-0.271596397
4162,female,47,4.446483278,-1.201242456,-0.858040773
3696,male,41,6.738240419,0.785752496,0.435733998
6578,male,30,7.104299845,-0.102934052,2.563320386
6380,male,53,4.982735012,-1.060999067,0.067265314
7684,male,49,4.617024977,-0.38655302,-0.276265018
8095,male,18,3.812971599,-1.472770766,-0.629804945
7739,male,52,5.776750877,1.595222322,-1.34569454
1852,male,31,4.174951915,-1.449347296,-0.255217983
5784,female,49,5.953922735,0.805413772,0.619546967
1445,male,33,5.007364496,-1.006497181,0.457182929
7964,female,33,5.108796862,0.720796158,-0.518257895
1502,female,50,5.208282965,0.453069735,-0.523216281
2054,female,39,6.896596575,-0.158475042,1.572353895
3648,female,50,4.816745819,-0.088839819,-0.964308969
9329,female,47,6.621927377,2.011051207,-0.776701794
2907,female,46,3.844106094,-1.323007909,-0.032946314
6563,female,46,4.823070943,-0.540060514,-1.008636935
7705,female,49,4.54308845,-1.471031775,0.322381705
6626,female,46,6.245749946,0.822572755,-0.117147681
6027,male,23,5.951046439,0.193259203,-0.27637469
5306,male,31,7.781961101,2.93710847,1.047077896
7778,male,39,5.629905798,-0.071610489,0.852520977
7349,female,27,5.64740831,-9.60E-04,1.493112794
4746,male,19,6.646604024,0.027301638,0.662090916
8976,male,39,5.395845508,-0.802088417,0.777108458
7401,male,33,4.515066017,0.574217307,-1.433170301
8959,male,44,5.563733204,0.296455448,-0.533246128
2062,female,41,5.716703779,0.210686838,-0.361452377
2071,male,38,4.621102897,0.005548921,-1.121840665
2704,female,31,5.675106272,0.813052842,0.509060127
7308,male,52,5.612662154,-0.287038431,-0.491986902
8109,male,24,5.761067237,-1.071025108,1.443729896
4587,male,24,5.331306458,-0.740297041,0.032278532
1791,female,43,6.35527955,1.731452223,-0.73802122
7153,female,28,4.879973952,0.021743401,-0.019764475
5229,female,18,6.78825691,0.86306345,1.86444511
4993,male,48,4.357641382,-1.694304179,-0.108667363
4657,male,39,6.5483812,-0.312554074,0.312205846
7485,male,41,4.203624863,-1.477858211,-0.701874349
6749,male,27,6.511075117,0.124804191,-0.571426034
8189,female,24,3.602235052,-0.961854126,-1.269891727
3926,female,22,5.664261397,0.461194176,-0.09477664
2498,female,36,4.737424762,-1.398211314,-0.475557493
5000,male,41,2.907861365,-1.557448454,-1.486882419
7944,male,41,4.800134715,-1.43090892,0.762947397
2579,male,38,3.130695078,-0.957081265,-1.127986558
5997,female,35,5.7685188,0.442728739,-0.249485544
5236,female,28,5.776233856,-0.655524081,0.137570106
4005,male,44,3.909075456,0.257458981,-1.1556275
5441,female,20,6.884718617,-0.037966406,0.686777961
3499,female,37,4.738349678,-1.224763511,0.559590996
7569,female,44,3.973699,-1.350617402,-0.373789189
4548,female,44,5.773508304,0.017801435,0.648283767
8296,other,22,7.261910119,0.423594356,2.383228902
4438,other,35,4.871423208,-0.280692447,0.583183407
6889,female,49,6.939373307,0.711267498,0.016334914
2521,other,52,5.16922751,-0.270128824,-0.543760679
3449,female,22,5.107823271,0.038012439,-0.120347177
8119,female,34,6.652244551,1.482900353,-0.321944282
4784,female,37,3.816826562,-0.533584405,-0.536715312
3395,female,39,5.343856681,-0.440689923,0.475187169
1775,female,24,4.255439738,-0.358063622,-0.609178693
3175,male,31,5.335849077,0.809557055,-1.061490614
2896,female,29,4.118508056,-0.780236054,-0.684125669
2926,female,27,7.02996251,0.967887507,-0.077959328
8013,other,33,3.669654124,-1.762600604,-0.66691422
3407,male,32,6.483396749,0.834056715,0.200107003
6107,female,21,7.467726065,1.469482255,0.887004021
7122,female,21,4.999208309,-0.233845532,0.123972964
1376,male,51,2.501866349,-1.35719486,-1.298506111
9376,male,31,7.613857077,1.192393281,1.339368756
9487,female,30,6.256879367,0.280286189,-0.062135604
4260,female,50,5.676755057,-0.118170955,0.152487259
5730,male,46,4.711820342,-0.889270476,-0.458403953
2423,female,30,4.702632773,-0.691234045,-0.061623578
7954,other,24,5.953702003,0.502458363,0.383520038
8524,female,47,7.42177858,0.313551465,1.12596193
3726,female,52,6.464320941,0.571304087,-0.191173566
9773,female,22,5.91880717,-0.202578187,1.065573304
1538,female,22,7.673190706,0.878911565,0.959338382
9298,other,33,5.281170299,0.361704053,-0.591353665
8735,other,43,4.004717933,-0.731826386,-0.709075643
8819,female,49,4.627571692,-0.667137065,-1.273990872
7417,female,19,5.395221635,0.403432574,-0.334352624
3989,male,35,5.544331194,0.160339034,-0.608855992
6078,other,26,7.78191324,1.423372256,0.835630717
1387,female,41,5.17759793,-0.458152619,-0.089392577
8895,female,21,5.797941342,0.548918674,0.633664958
7722,other,40,5.567857778,0.092175539,-0.793396285
9859,male,48,3.866329695,-0.45929805,-1.241154629
8005,female,52,4.124788553,-0.382511341,-1.016232525
1384,female,19,6.314908336,1.071607984,1.342503507
4084,other,45,5.177646809,-0.387907645,0.544833583
5923,female,25,3.503320397,-0.929122744,-0.841676312
5766,male,44,6.246341641,1.66218891,0.829736476
1712,male,33,7.008541323,1.403740505,0.807745438
7393,male,40,6.163443867,1.492841381,0.034534348
4659,female,41,3.8092996,0.309305786,-1.173971626
3891,female,32,6.55957767,1.593853122,0.282503213
1449,other,18,8.248878936,1.750359755,2.296488934
2988,other,26,5.058000483,-0.574846972,-0.082454377
2748,male,31,5.063744323,-0.67009234,-0.107275318
3946,female,31,5.741631024,0.019780467,-0.244392143
8174,male,35,5.086924304,-0.571546084,0.01106403
8942,female,23,7.133343837,1.120501781,1.143196718
5055,female,19,6.013962648,0.185642612,0.964114244
6084,male,52,4.303079173,-0.038838817,-1.375282543
9553,female,44,4.712653572,-0.012661525,0.209646769
3950,other,36,5.251289732,0.190076276,-1.043612311
5871,male,50,3.686503668,-1.211995275,-1.243528388
8001,female,41,4.930320317,-0.415271494,0.113388097
4858,male,26,7.063439995,0.947666397,1.47245349
4875,female,27,6.494496498,0.451506536,1.292434919
9798,female,46,4.824457697,0.6889239,-1.465412414
1682,female,41,5.829831463,-0.169367291,-0.007114638
7999,male,30,5.772885765,0.669921037,0.844815698
8094,other,21,6.622081694,0.793893701,0.440979838
5293,male,19,5.969620698,0.265001149,0.74990186
2680,female,28,4.757992457,-1.187341073,-1.237990895
4252,other,19,5.902038019,1.20177661,0.123940265
5189,male,28,6.866391343,0.847340686,1.288962759
3986,female,29,4.985081086,0.034126744,0.970516609
2894,female,23,5.516216113,-0.119801026,0.982955192
3621,female,21,6.372545134,-0.670762238,1.523688712
5048,female,27,6.398568161,0.151256273,0.745404169
7405,male,21,7.180630245,1.486348173,0.622767495
2491,other,51,3.048135418,-2.323550007,-1.165751976
8662,female,26,7.14724685,1.340292926,0.307962013
1549,male,42,4.689688779,-0.559090624,-1.166804958
7122,male,36,6.402327034,-0.582976161,1.385511146
2542,male,38,7.634050152,1.039556366,1.334005018
1924,male,26,6.862554027,1.7072732,0.424897718
1365,female,22,7.271857441,1.600271395,1.219333637
5374,male,44,6.208792486,0.560198185,-0.026341907
5156,female,21,8.64363947,2.902440991,1.948262969
7968,other,26,5.411043549,0.174896225,-0.079944131
1394,female,18,3.817217645,-1.985400741,-1.080485659
5405,female,23,5.746300778,0.766811973,1.031750425
3570,male,49,6.064896131,1.347247214,-0.429534366
5984,female,45,4.032098935,-0.579409218,-1.612539394
5714,female,26,4.893308778,-0.468538917,-0.748456158
1488,male,35,4.873992016,-0.003604427,-0.684869076
3188,male,25,4.905834374,0.071720297,-0.075819366
1399,female,24,6.031379278,0.601331563,0.44769115
6637,female,34,4.268705975,-0.359504856,-0.814147943
7014,female,51,2.712856905,-2.069420693,-1.726487374
8476,female,43,3.813216568,-0.778811237,-0.70665448
9459,female,51,3.915245582,-0.056902013,-0.655737643
5186,female,50,4.939822858,-0.530723721,0.557411575
7141,female,36,7.034080082,1.59645456,1.395166394
2865,male,30,5.197838548,0.007550623,-0.739750223
7354,female,43,2.88541582,-1.348294448,-0.897230717
7850,male,43,5.907530646,0.609851114,0.417348908
9815,female,24,4.751811139,0.455576294,-1.176799993
9113,other,22,7.20422916,1.628016195,0.538418754
5783,female,47,5.323868298,-0.077893566,-1.174888137
8233,female,27,6.781062835,1.314878507,1.003905634
6186,male,25,6.493891555,-0.129540883,1.978351739
3502,male,48,4.331077371,0.084222242,-0.756120072
5339,male,45,4.936807253,-0.3592392,-1.446129814
7764,female,33,7.717813276,1.943238559,0.031215837
9261,female,44,5.572409668,0.470921316,-0.961202215
8319,male,53,3.488243962,-1.723958878,-0.867653465
6351,female,47,3.639396997,-1.007360957,-0.938631509
5277,other,46,7.108593224,2.244198662,0.638365903
8417,male,46,6.12096251,0.19195628,0.586163095
3630,female,45,7.247752986,0.954017252,0.045150722
1437,male,27,6.064689568,1.258368736,-0.645707216
4325,female,50,4.368046082,-0.729566166,-0.661754613
2810,male,33,4.10447781,-0.427292772,-0.232470039
6404,female,41,5.887708819,0.604033322,-0.049636241
2573,female,50,2.900097374,-0.461913332,-2.415170834
6664,female,49,3.847155059,-1.331074843,-0.061426024
1758,female,25,7.37215509,0.269414526,1.544180575
1763,female,34,4.688990313,-0.44027597,0.035445922
9411,male,51,3.047285334,-1.810921862,-1.005626216
5132,male,18,7.568381589,0.31007344,1.602271373
2792,male,45,4.654928304,-0.836576244,-0.411979988
9342,female,25,3.435304227,-1.557046383,-1.431023692
5959,female,20,6.309207536,-0.638349259,1.686130387
6405,female,33,7.885985237,1.572083865,1.196536217
7645,female,26,5.510603633,-0.601522466,1.077508185
8415,female,32,5.01676342,0.505593825,-0.445694938
8674,other,51,7.702548077,2.218767534,0.288728466
5029,female,49,4.368515841,-1.517463291,-0.537557829
1820,female,38,3.457049416,-1.052541645,-1.397540242
6314,male,49,4.673999652,-0.991352972,-0.147719625
7409,other,33,6.75889859,0.672202179,1.114312176
6936,female,34,6.604179714,0.522384293,1.441432656
5330,female,47,6.470651403,0.161268015,0.488272202
8499,female,49,4.579575758,-0.327326837,-0.96649513
7864,male,31,6.005588351,-0.441771957,0.761235495
2173,other,48,3.169212415,-1.304413007,-0.586899461
9731,male,21,7.659046398,0.930106369,1.742339097
4928,other,36,3.277584806,-1.143131399,-0.594789873
3145,male,39,6.008686432,0.641187899,0.985975098
9066,other,23,4.767882592,-0.083726119,-0.067292468
7700,male,53,3.103468613,-0.792135562,-1.693155928
7815,female,42,6.370114585,0.073976859,1.847536796
9140,male,22,6.943170515,1.635899949,0.378509935
6928,male,41,6.100180217,0.534286933,0.025078778
9501,male,51,6.343061371,0.586675991,0.682518358
5797,female,19,3.822232588,-1.09839171,-0.189187352
4196,female,39,6.524662264,1.401087374,0.379505272
4831,male,52,5.166981755,0.856399269,-0.758071689
9542,other,47,4.544425971,-0.548859255,-0.380415836
7635,female,31,3.946691989,-0.571868992,0.377294845
7185,female,21,6.676563898,1.472048674,0.325298975
8307,female,48,4.619142819,-0.421393955,0.287848757
5249,male,28,4.693810888,-0.474100361,-1.245839928
2586,female,32,7.436537746,1.538498935,1.68161738
4297,female,38,6.548462693,0.10975536,1.168887041
8301,other,46,4.328326674,-1.267057946,-0.184922186
6109,male,38,4.595958619,-0.51366243,4.80E-04
7974,female,51,3.583831248,-1.926268984,-0.420088072
6890,female,28,5.239525734,0.062278023,-0.01147176
4641,female,32,5.538332658,0.565733289,-0.365109584
5303,female,37,3.785309554,-1.346595291,-0.247203719
7275,female,46,4.701774295,-0.490851722,0.074374687
1763,female,45,3.254572043,-2.21862032,-0.391781348
5080,female,40,2.702662595,-1.55762959,-0.673547282
4729,female,30,3.445582508,-0.896992454,-0.443016243
3740,male,43,5.960490207,0.127795511,0.198705825
5123,female,37,4.882486872,-0.138952467,-0.760024559
2664,male,48,7.641770524,1.243329756,1.362766186
3085,female,20,7.150254176,1.201005267,0.759947197
4230,male,48,5.481002593,0.104820492,-0.185110323
9032,female,22,5.087985114,-1.446035289,0.318314121
9191,male,52,6.043284936,0.440830852,0.163132789
7457,other,31,5.955935681,1.420930729,-0.048085183
5158,female,40,7.311110475,1.291227656,-0.355189291
3056,other,21,7.016506655,0.512636167,1.690320599
3225,female,42,3.111335788,-1.712284761,-1.824270547
5533,male,38,5.173983091,-0.027148704,0.107218247
5857,female,23,5.049505633,-0.950230724,0.277470093
2238,male,31,3.683365856,-0.115706464,-1.911763413
8612,other,49,5.584839361,1.10902037,-1.175213427
1499,female,42,6.245845531,1.740002486,-0.584543736
5692,male,19,5.479621308,0.392911975,-0.391709171
3150,female,32,4.198909583,-0.808252291,0.251261241
3345,other,45,4.21369643,-1.32891063,-1.077845896
1832,female,37,4.59060625,-1.428177967,0.812669699
2811,female,42,2.270097126,0.231139668,-2.776553577
8955,male,22,6.678041141,1.237998192,0.597118539
6112,female,19,4.647325216,-0.257112876,-1.142629254
7703,female,42,5.712081961,0.664975085,-0.845901071
5808,female,43,4.112871076,-0.63850593,-1.002594199
8176,female,52,5.463218145,-0.081524053,0.92828813
6591,female,22,2.777762563,-0.441355124,-1.721720867
5682,other,42,6.417579881,0.603388257,0.388105105
5718,female,47,5.001700552,0.047140999,-0.102677181
9508,female,43,6.788728789,1.137125424,0.034437767
4404,female,28,4.928744142,0.240073233,-0.672314581
1711,female,24,5.322180246,0.432980987,-0.742685226
6363,female,48,6.268607575,-0.090892152,0.686292903
2526,female,28,5.705454242,0.03898903,-0.553272868
2122,female,38,5.441947182,0.568978168,0.948879014
3467,female,23,6.302962297,-1.185942269,1.444768213
5736,male,40,3.773251774,-0.286668042,-1.077514837
3679,female,25,6.114227792,0.807758307,-0.576141676
5400,female,50,4.112596712,-0.226672989,-0.625532292
9237,male,42,3.656487593,-1.905445389,-0.936733845
4424,male,39,5.787174828,0.30416474,0.047975896
2091,female,22,7.068454596,1.136678832,0.666062078
4636,other,39,4.352319975,-1.340719785,-0.011725206
3260,male,19,5.848499378,0.6042832,-0.209283397
2148,female,45,4.823568282,0.354873648,-0.715027229
6779,male,20,5.26810522,-0.019957398,0.471468448
7760,other,35,5.769856616,0.668252041,0.103806281
4371,female,19,5.962868505,1.343493784,0.430383288
4442,male,22,8.723568567,1.957581473,2.38027981
9366,male,23,5.867181136,1.144347539,-0.35436972
8530,female,30,4.83411075,0.145400241,-1.496836065
7742,male,45,3.446428829,-1.187642889,-0.344528714
3636,female,46,5.677389769,-0.232595604,-0.510316434
4444,female,33,5.466631644,-0.330380485,0.198254353
5994,male,45,5.201495517,0.108325993,0.206323837
7044,male,26,4.934205027,-0.159935345,0.465968041
4283,female,26,8.610583553,2.459630525,3.101420271
1896,female,31,8.116549526,1.220003533,1.934962963
4092,female,49,1.915660324,-2.459269142,-1.768242989
8004,male,39,5.85050852,0.5458035,-0.478808123
3467,other,22,8.180884276,2.110489138,1.948749817
9706,male,19,4.717523663,0.103561604,-0.205854318
3369,female,36,5.087960913,0.219526384,-0.64044569
2568,female,49,7.817256196,0.929251802,1.566007462
5368,female,51,3.49683256,-0.942726477,-0.090687712
5347,male,30,8.058107596,1.127702045,1.163980827
3483,male,31,6.413008489,0.581679152,1.110461831
5366,female,35,7.328706995,0.871846322,1.541489689
9371,other,20,5.652111126,0.828770498,0.215327388
6473,male,38,5.666661106,0.637020121,0.713136029
4293,other,52,4.39285814,0.524034275,-0.840932599
2067,female,44,5.315302372,0.491292563,0.265376095
9724,female,23,5.308480619,-1.097574901,0.685250373
5859,male,23,4.163232988,-0.726394011,0.083330083
5151,male,36,6.9505256,0.948295235,0.283662901
7290,other,33,5.025219954,-0.599570031,-0.155605253
7607,male,46,4.94129364,0.129764292,-0.003894274
3377,female,20,5.953476812,-0.477990924,0.875780959
8192,other,44,6.601780609,0.078991149,0.832122296
6990,male,37,4.134951959,-0.977832467,-1.084897817
8031,male,25,7.770634519,2.029700933,1.654141365
8846,other,49,3.798651761,-0.566881615,-1.034578298
9377,male,48,3.942058011,-0.602225563,-0.964975401
2114,female,32,4.902121661,-0.049222144,-0.637141765
3758,female,26,5.426894088,-1.122295843,0.894205064
4450,male,42,4.264487716,-0.216928634,-0.35159092
8016,female,39,4.416233635,-0.58363584,-1.332164733
1788,male,52,3.369504641,-1.066578869,-1.008898564
2360,male,52,4.665599983,-1.222742502,0.372417535
8837,male,35,3.333156682,-2.328527121,-0.559295073
3847,female,40,5.155375858,0.01128673,-0.502870097
1430,female,49,5.559634899,0.179556457,-0.412514725
2096,other,29,6.181488994,1.413847505,0.593217345
7068,female,49,1.326254236,-2.192808476,-2.298694681
6400,male,24,5.089904585,-0.249163822,0.275968881
4188,male,32,6.400028084,0.672499433,1.447436386
9443,female,28,5.108659496,-0.054174633,0.18664105
3215,male,35,3.785627869,-0.535036091,-0.859355405
2736,female,18,6.221246881,0.594356858,-0.918903681
2692,male,45,4.885409053,-1.187362858,0.766957777
2363,female,47,5.669098527,0.285758742,-0.10989548
4080,male,21,5.18251031,-0.131381037,-0.393650527
1971,male,43,4.699563271,-0.172700331,-0.190249805
6236,other,20,7.125238325,0.176653505,1.475969692
8775,female,28,6.681088364,0.747870561,1.912239354
8105,male,25,9.144312561,1.376827732,2.313692756
2933,other,27,6.590051281,-0.279237976,0.981582003
1850,female,35,4.512724237,-1.690719009,-0.733380531
3688,male,25,4.962501922,0.238810732,-1.854718395
4952,other,49,6.305331932,1.285615244,0.019980119
4906,male,52,5.739256447,-0.247424426,0.654446143
5607,female,22,5.161449541,-0.102454509,0.377420704
8014,male,49,5.524639127,0.695165067,-2.095769129
2993,male,48,4.993001239,-0.156758229,0.124240802
2442,female,37,8.373661423,2.094789174,1.598317357
6298,male,21,5.680563772,0.063207568,0.409818921
9819,female,44,4.485642966,0.042275041,-0.420080776
5822,male,48,2.535814051,-1.780674058,-1.898381638
9393,other,29,6.393720031,0.261754934,0.096448979
4324,male,28,4.052122453,-0.888758467,-1.383308891
2146,male,48,4.138445036,0.597233948,-1.653534656
7694,female,29,5.542904665,-0.127645076,0.078012989
3723,female,36,4.28553181,-0.12102206,-0.461112944
1932,male,47,5.16516563,0.368279453,-0.302840406
4349,male,51,3.724924672,-1.028249081,-0.690113038
6653,male,36,5.088716684,-0.134050787,0.083347656
9115,other,51,5.040914815,0.401431775,-0.319844781
9649,male,24,4.308305521,-0.490559213,-0.350473898
2710,female,36,3.121535199,-1.612706896,-0.951737698
9638,female,48,6.290866861,0.429839142,0.146557024
7682,female,43,4.654770336,-0.628381728,-0.719929182
6377,male,24,6.155037836,0.035229313,1.402328376
9339,male,23,5.019415961,-0.81651109,0.651536236
6071,female,49,3.392749138,-1.023556425,-0.992364522
3471,male,34,5.647339154,0.326416887,1.278686206
8043,other,41,5.667461631,0.190613088,0.519527449
6355,female,38,6.894807537,0.6985524,0.783757518
8355,female,35,3.67559695,-1.414916845,-0.616321345
6070,female,39,6.253033076,0.690086574,0.273885947
2116,other,21,5.940371158,1.09250602,0.68579578
2625,other,33,7.027754789,0.814681754,0.297739458
2556,other,52,5.034385925,-0.394632512,-0.119299439
1470,male,38,5.726733639,0.20095377,-0.535326563
3564,female,34,4.724109915,-0.484642986,-0.296235501
3803,female,45,6.78690412,1.305965574,1.088194683
6414,male,44,5.524300868,-0.327766158,-0.24526558
7262,female,18,8.12117717,0.557896264,2.551847654
8192,other,50,2.744697242,-0.503903217,-2.892976248
5311,male,35,5.221621491,0.195032151,-0.053771127
9499,female,26,6.798179931,1.176636982,-0.365087427
2823,female,48,5.799508498,-0.147837303,0.635565207
1470,female,26,6.247301611,0.170812884,0.581951044
6928,female,44,4.425098731,-0.68912247,-1.149832951
4313,female,19,4.911088369,0.106492741,0.056164821
5477,male,26,5.135913893,0.686183667,0.320175986
9090,male,23,6.917437023,0.361507924,1.785837128
8125,female,29,6.69385576,-0.38416319,0.694302561
1849,male,39,5.199979129,-0.362149422,0.19262137
8717,male,33,5.842651108,0.407517144,-0.259007611
5844,male,46,5.335666554,-0.026474244,-0.138140398
7354,other,46,5.141289579,-0.101625504,0.004720045
2247,male,25,7.283196723,0.296727618,0.067123459
6886,male,36,5.401555183,0.239302614,-0.542722958
3982,male,41,7.021167399,1.331818186,0.182055677
2928,male,47,4.169748367,-1.694878682,0.545407883
3641,other,40,5.350619909,0.964227971,0.301109103
6456,female,41,2.038728511,-1.591675732,-2.095842907
2921,male,34,8.873015195,2.380033837,1.836013237
3245,female,28,6.771065831,0.94032555,1.027701596
5491,female,31,5.780668414,0.711984055,0.451959749
3678,female,26,10,3.13351575,2.725321184
2623,other,23,5.253854357,-0.10886494,0.379459329
6052,female,31,5.382046255,-0.387540119,0.383788426
2608,female,23,6.50800661,0.594885881,0.424696611
6474,male,47,3.822409484,-0.538113483,-0.707459867
5925,male,25,3.834982978,-1.552257592,0.123011483
5525,female,38,4.584670176,-1.045581977,0.430142899
1639,male,34,5.642962191,0.495003174,-0.263047541
1972,female,30,6.319025208,0.616053428,0.406391338
6162,female,31,5.259923219,0.52631364,-1.14025008
3660,male,50,3.640137993,-0.186946875,-1.7924705
2370,male,37,6.135742061,0.607135379,0.784682924
6500,female,34,2.799831704,-1.04150275,-1.955353998
4162,female,49,6.646959484,1.135902263,0.430558342
8382,female,25,2.843696971,-1.565197806,-0.516707835
5931,other,23,5.22464584,0.722083222,0.087832012
2886,male,49,5.355597937,-0.602973427,0.666788176
6969,other,36,5.850247515,0.319709405,0.092373672
7327,male,19,7.575094412,1.66424172,1.507959237
6361,female,22,5.180356841,1.12961162,-0.351482341
9198,male,46,5.786898566,-0.527920732,-0.014661169
8758,female,20,7.060698161,0.360232576,1.288897244
3488,female,43,6.653187979,0.489443798,0.754974747
4855,male,51,2.112711021,-2.009492105,-2.157992668
7491,female,18,4.369807996,-0.604513819,-0.834677735
6652,female,53,4.815853017,-1.055134327,-0.607367609
9047,female,40,7.040606999,0.925156504,0.786765588
7187,other,28,6.063271725,0.416141235,1.479380417
2952,female,45,5.892664652,-0.302311434,1.067353398
8051,female,26,8.225427457,1.982323784,0.601566959
7363,male,44,2.181197183,-1.900487209,-1.659207731
5898,male,46,4.309690765,0.283481195,-1.22586762
9754,female,46,6.772817371,1.207849841,0.61592008
3830,male,32,3.774556964,0.119810709,-0.548166085
5121,female,48,2.546522663,-0.728562211,-2.136211508
3019,male,35,4.002986105,-1.460242834,-0.647795906
3948,male,24,6.820852492,0.280375471,1.41440607
5741,female,35,6.074671058,0.033669593,-0.626416779
8840,male,20,7.181083408,1.038702411,1.397725214
7777,male,35,6.620508864,1.327428165,0.366859233
9559,male,26,7.085904377,0.983192402,1.254215369
5149,male,40,4.201636103,-1.169547295,-0.454351291
4435,female,32,6.55201661,1.247716346,0.742366605
3521,male,20,4.132261679,-0.9390511,-0.025465581
6794,female,36,6.017626265,0.384214818,-0.21318688
5722,female,20,7.585536796,1.267097135,1.570549072
2332,male,42,4.157090308,-0.727277618,-0.709180181
8584,female,21,6.800363531,1.191181062,0.814160271
3750,female,38,5.756569003,0.258680836,-0.179395702
6386,male,43,6.989656906,0.760111485,0.950938684
9285,male,53,5.345471036,0.637150958,-0.257460185
3605,male,32,7.481865264,1.243026947,1.292437259
9504,female,33,4.760710334,-1.209304154,-0.275849564
1949,female,53,2.660010056,-1.806077918,-1.71955575
7755,male,28,6.631741756,0.307268973,1.078913144
2585,female,42,5.092713035,0.598132923,-0.524763362
4164,female,31,5.639484445,-0.865880213,0.303060963
5170,male,38,5.90228261,0.856451791,-0.074076861
3708,female,25,5.110316526,-0.201842346,-0.102402636
6135,male,36,5.613505116,0.385893505,-0.563485907
2702,other,37,3.98875108,-0.462904607,-0.508967998
3775,female,37,2.653717437,-0.932773042,-1.553439207
7053,female,50,2.816248977,-0.63575696,-2.248788454
2276,female,46,5.219912262,0.731155815,-1.550647622
2722,female,44,6.502455066,2.093991349,0.122205786
7020,other,41,3.174782325,-0.315606523,-1.707366064
1710,female,35,6.174979909,-0.47654351,0.349652682
1686,male,38,6.300679057,0.813402311,0.292539499
5385,female,44,3.703330089,-1.622192169,-1.673389518
1421,male,36,5.749823495,-1.404277791,0.686572391
9634,female,19,8.059783454,2.686259261,1.794217684
7041,female,42,4.175271344,-0.678011344,-0.555883637
2855,female,47,5.068280718,0.52189088,-1.72724905
5156,male,51,2.592071141,-1.62295162,-1.420363979
6164,other,24,6.264559491,-0.571330803,1.246856537
2748,other,25,5.221349115,-0.167300313,-5.25E-04
7011,male,38,5.782062555,-1.062546214,1.639393499
4148,other,18,7.178221321,0.641725192,1.609285863
6348,other,47,5.476821559,0.024165489,-0.237225591
5674,male,42,5.263299176,0.170876703,-0.504834329
4549,male,21,6.474278265,-0.987303533,1.457528599
2033,female,44,5.903141049,0.468831625,0.520628813
9682,female,53,3.261716548,-1.718671734,-2.47123933
6274,female,33,7.790292084,1.709464437,0.915264391
6298,female,28,7.349704519,0.403213475,1.519829974
4444,other,31,6.916517755,0.551340419,1.480131912
1880,male,43,6.814916643,0.317712513,0.66612317
1696,female,45,5.257788007,0.533387918,-1.111071124
9370,male,38,4.576664985,-1.401033922,-0.897958981
8022,male,31,7.324861927,1.696116164,0.463028412
5412,female,28,4.748887693,-0.949937903,-0.238610548
9143,female,46,6.474561938,0.489876918,0.113222565
9297,female,32,6.430327176,0.724847444,0.815892886
9455,male,50,4.116116976,-1.435255446,0.249262091
6984,male,33,3.205916956,-1.585306205,-0.785103617
5072,female,51,4.58597613,0.69347409,-0.747912323
4679,female,28,7.8471275,0.68426048,2.596341072
5799,female,38,6.161998308,0.693702016,0.767019495
5885,male,46,4.032336806,-0.836428571,-0.780799884
5156,male,46,3.430075754,-0.403394581,-1.064927665
6255,other,40,4.666172255,-0.581725684,-0.382244956
2474,male,41,5.818426909,0.316802875,-0.074473325
9224,other,22,4.59915381,-0.658945469,0.345171785
9536,female,37,7.788764928,1.287605658,1.00893976
4021,male,30,3.739470646,-1.035543973,-0.630141168
4236,male,35,5.250353232,-0.280007814,-0.343148049
2462,male,20,6.024707495,0.544582797,1.038166485
7884,male,20,4.746038197,-0.433048285,-0.764567887
6524,other,37,4.510010986,-1.441550317,1.223739075
3789,female,47,3.80353482,-0.391634056,-1.446281521
5655,male,34,5.11219621,0.377605555,-0.898073915
6325,female,21,7.495708873,1.561560689,0.314070605
6491,other,21,7.222783937,0.753865772,1.214581518
5820,other,42,5.932044338,1.073019409,0.83178129
7182,male,37,8.884482267,1.697576435,2.502434044
9859,female,41,5.083620863,-1.294252319,0.93218917
5730,male,47,4.801689355,-0.668203402,0.27181081
4848,male,43,4.60949585,-0.095397744,-0.859298574
9858,male,44,8.481782987,2.739868606,-0.171577358
9237,other,25,5.02488547,-0.425098334,-0.833537735
4535,male,52,3.290270968,-1.083715495,-1.016554052
4146,male,52,5.654885976,-0.321562854,0.15761345
5483,male,48,5.148662819,0.506184178,-1.0671838
5359,female,35,5.47707542,-0.543882035,1.231095596
5552,female,53,5.984543352,0.388301333,0.735435007
2200,female,52,5.920820596,0.770584114,-0.652546771
7823,female,33,4.802877705,-0.532579646,0.038612423
5770,male,35,5.544825456,0.346146839,-0.512223702
7743,male,22,5.585111083,0.299629699,1.267761662
3757,female,29,6.000923084,-0.841379185,2.146689012
4946,male,51,4.364963199,-1.124723072,-0.642543689
8324,male,23,7.478651265,0.630803786,1.184541747
1396,other,46,3.956917676,-0.511128276,-1.601248547
7038,other,34,5.695925354,0.345575311,0.962153907
4913,male,20,7.291757015,1.650231485,0.765890868
4038,female,38,7.571509904,0.42091973,2.574538293
7942,female,28,5.322320489,-0.412264287,-0.143556105
7257,female,28,5.542214988,0.702753362,0.120549589
8592,male,30,6.85902926,1.214377138,1.116889983
8780,male,38,7.365307412,1.755303026,0.497973502
9014,male,21,6.002992267,0.561037662,0.341630648
5930,female,43,4.460481372,-1.249243661,-0.588178272
7390,male,19,6.333238697,-0.006535949,0.042946681
8705,male,48,2.882355504,-1.463234548,-1.758935021
7526,male,18,5.731694085,-0.056126665,0.20029294
7346,other,45,2.338205399,-2.33713632,-1.709608325
9565,female,28,6.364048378,-0.306306974,1.074990794
2360,male,20,6.667268239,-0.279736266,2.164377376
8931,male,23,2.674789074,-1.173114956,-1.529711229
7404,other,49,5.700201341,0.717703737,0.025636814
2585,female,34,6.159052566,0.579326482,0.214685443
8369,female,50,4.524799797,-0.540969881,-0.600397217
5357,male,46,5.247210988,-0.062049597,0.525958408
3159,female,51,3.42864332,-2.602677705,-0.186960716
7350,female,35,7.404864086,0.469599969,1.729932584
9402,female,39,4.655204056,-0.096400995,-0.877917822
8361,female,39,3.654592405,-1.263238486,0.173465098
3925,male,39,5.387483427,-0.139945471,0.39885695
8247,female,22,6.393112295,0.915494713,1.244754437
3155,female,37,4.776062446,-0.043123102,-0.170823
1493,other,50,3.477021295,-0.449935138,-1.039691334
6744,male,25,6.092632814,-0.189240401,0.874911847
7175,female,49,5.032132825,-0.135661229,0.274739375
6558,female,53,4.591105754,-0.909609172,-0.499613016
9020,female,41,6.021824013,1.364083523,0.104716861
2174,female,49,5.486291258,0.25508095,-0.210330146
2736,other,49,4.907527748,-0.302045142,0.530150396
4417,female,46,4.09098939,-0.490167547,-1.437915984
3780,male,44,5.420785989,0.080992483,-0.376098053
5425,male,28,9.642748649,1.695629404,2.40539024
4977,male,39,4.798053222,1.163452096,-1.220080474
2918,male,21,7.19519904,1.15451125,0.262854958
5038,female,47,4.774906154,-0.991071249,-0.426404062
2889,male,22,5.316094744,0.374602753,-1.339289811
5040,female,47,1.992242574,-2.417722099,-1.81567202
1796,female,43,5.634730495,0.747939034,0.783646093
3129,female,27,5.520901483,-0.262580358,0.205693994
6863,male,39,4.671384583,0.019234154,-0.958066892
3147,female,39,5.308779019,0.120730785,-0.450940988
5780,male,20,5.009453199,-0.576962726,0.125691467
4717,female,33,4.433582407,-0.435999837,-0.812524268
6507,female,21,4.514592577,-0.260077642,-1.156885066
8075,female,34,5.096355533,-0.237282854,0.697646346
9363,female,26,5.863566676,0.245340029,0.404212683
2123,other,42,5.242095756,-0.024544763,-0.778193637
5381,other,47,3.915746443,-2.356408893,0.075341241
6952,female,44,6.545121962,0.773350684,0.161386113
2356,female,41,6.639687005,0.870443162,1.642722035
6135,female,44,6.618325877,1.757093967,0.022623738
7521,male,52,6.030072744,0.278518986,0.533320797
5154,other,25,5.101253778,-0.598710167,-0.179462376
9170,female,21,4.683438183,-0.558950662,0.976957166
4663,female,35,5.268639524,0.210521925,-0.161300915
4426,female,18,6.315892656,0.805549911,0.428386539
1611,female,22,5.065109103,-0.631984017,0.454613501
3325,female,40,7.94721577,1.562113409,1.214330469
9233,female,52,3.14543686,-1.555007893,-1.168413849
3838,female,50,8.454484241,2.074483994,1.892692946
9095,male,35,6.049625783,0.675364178,1.717605214
8725,female,31,5.859523686,-0.060521441,0.432074919
6733,male,25,6.32629679,0.393529742,0.892047965
9051,female,25,4.355119362,-0.441233718,-0.457512226
7449,male,23,4.899110202,-1.085501281,-0.273456827
4908,male,24,6.736384871,1.18569285,1.668336706
2094,male,43,4.973140686,0.478865139,-0.709944016
3322,female,42,3.825177264,0.487356359,-1.397911728
6638,female,25,6.168947186,1.692382532,-1.071912344
8026,female,36,6.822851439,1.410721733,-0.430102792
5720,female,29,5.078562552,-1.39691546,0.816823411
3530,female,45,5.263841256,0.848828657,-0.815428897
5786,male,31,4.234745747,-1.360298456,-0.172173907
